"","p_val","avg_log2FC","pct.1","pct.2","p_val_adj","threshold"
"XIST",1.43531109966782e-205,-7.84385294324793,0.003,0.341,7.0305843595029e-201,"down"
"PCDH9",9.21719226822379e-133,0.514356208533957,0.992,0.978,4.51485728874406e-128,"ns"
"BAI3",1.09848748301802e-121,0.618775185328253,0.951,0.743,5.38072123806717e-117,"ns"
"PTGDS",2.93997229827481e-106,-0.750733755442834,0.834,0.916,1.44008663086395e-101,"ns"
"RP11-384F7.2",1.83824666032973e-97,0.619234493767469,0.916,0.691,9.0042836162931e-93,"ns"
"ADGRV1",1.40281836557378e-94,-13.3296852523757,0,0.17,6.87142520009006e-90,"down"
"AC092691.1",8.96525754018353e-93,-13.3696196774453,0,0.167,4.3914521009081e-88,"down"
"LRP1B",1.62009698602447e-83,0.490520066641229,0.963,0.923,7.93572106664369e-79,"ns"
"ADGRB3",2.55840442415105e-80,-12.939873207503,0,0.146,1.25318323908191e-75,"down"
"RASGEF1B",3.54942923157944e-76,0.54729218078686,0.917,0.693,1.73861692050456e-71,"ns"
"LPHN3",5.92572364508008e-75,0.581357868723835,0.85,0.627,2.90259721306958e-70,"ns"
"OBI1-AS1",3.81798708972248e-71,-12.4973984995794,0,0.13,1.87016461615876e-66,"down"
"CADM2",1.23274788531781e-70,0.387961527375093,0.958,0.919,6.03836896665224e-66,"ns"
"ADGRL3",4.75507128541343e-70,-12.3630841500014,0,0.128,2.32917656773406e-65,"down"
"LINC00486",1.08129064293447e-69,0.581699920622414,0.936,0.771,5.29648595628593e-65,"ns"
"LSAMP",6.56678659962205e-69,0.281105974152493,0.996,0.992,3.21660908009287e-64,"ns"
"CDH20",1.60054777498746e-65,0.575859134416825,0.849,0.676,7.83996316622107e-61,"ns"
"GPM6A",3.48953385861333e-64,0.342425801987332,0.985,0.969,1.70927836996457e-59,"ns"
"NTRK2",1.91535687736205e-62,0.507537960541635,0.9,0.784,9.38199259238251e-58,"ns"
"AL589740.1",9.17492873849282e-61,-12.331427970129,0,0.112,4.49415534397594e-56,"down"
"RP11-436D23.1",4.89541514225419e-60,0.666485629637643,0.735,0.543,2.39792119913037e-55,"ns"
"HSPA1A",1.44613655288239e-59,1.75203300491023,0.227,0.08,7.0836106769838e-55,"up"
"CARMIL1",9.09007138409133e-54,-11.6146460461486,0,0.1,4.45258966606946e-49,"down"
"AC073050.1",2.06583785546027e-52,-11.5068795332471,0,0.097,1.0119093567401e-47,"down"
"AC074363.1",3.32286246039169e-52,0.644204027085814,0.671,0.484,1.62763771897366e-47,"ns"
"NR4A3",1.70517757848864e-50,2.5393065760326,0.123,0.026,8.35247133271092e-46,"up"
"RP11-444D3.1",1.23300880790764e-48,0.608812653517683,0.633,0.441,6.03964704377398e-44,"ns"
"CIRBP",2.21833636842341e-48,-0.916944305572172,0.287,0.479,1.08660770334484e-43,"ns"
"MAPK10",9.38058056694045e-47,0.434852454850515,0.856,0.723,4.59488977910444e-42,"ns"
"NRXN1",1.74531043114248e-46,0.282561252457991,0.98,0.962,8.54905408486519e-42,"ns"
"TTTY14",9.05602426885715e-46,0.833072955430021,0.31,0.146,4.4359123676143e-41,"ns"
"ZSWIM6",3.89306608910858e-45,0.520936166135295,0.708,0.552,1.90694056242805e-40,"ns"
"PLPP3",4.28173084499797e-45,-11.1793609707706,0,0.084,2.09732021980535e-40,"down"
"DPH6-AS1",8.48226108862765e-45,1.22939559173697,0.265,0.124,4.15486594904248e-40,"up"
"CALM2",1.76710759963936e-43,-3.61165618496723,0.018,0.118,8.65582315531348e-39,"down"
"ERBIN",1.81255720512092e-43,-11.076335940228,0,0.081,8.87844895784379e-39,"down"
"TNIK",5.06038380996579e-42,0.364290097306471,0.903,0.8,2.47872780163554e-37,"ns"
"HSPA1B",6.07985160500817e-42,1.8337444469375,0.153,0.051,2.97809371168115e-37,"up"
"PPP2R2B",1.01234637147139e-41,0.343166957202345,0.933,0.848,4.95877623137833e-37,"ns"
"GPR98",1.35807183908502e-41,0.334365814836635,0.951,0.755,6.65224328939015e-37,"ns"
"PRKN",1.49061388563134e-41,-11.099719767004,0,0.077,7.30147399598801e-37,"down"
"MTND2P28",1.42511919986862e-40,3.81526475100947,0.062,0.005,6.98066137671644e-36,"up"
"SEPTIN7",2.22812845389705e-40,-10.8928799867912,0,0.075,1.09140416057239e-35,"down"
"ASB3",1.20375592787648e-39,-11.0158735647461,0,0.074,5.89635766151734e-35,"down"
"DST",1.23963285305862e-39,-0.666284302848569,0.865,0.874,6.07209360413702e-35,"ns"
"MAGI2",3.03990563480647e-39,0.321540330353873,0.926,0.843,1.48903697709725e-34,"ns"
"TRPS1",4.03700869949444e-39,0.4436060941804,0.772,0.631,1.97744797127336e-34,"ns"
"UTY",9.09644698465349e-39,0.688425002221255,0.317,0.162,4.45571262649282e-34,"ns"
"DLC1",9.64087643065171e-39,0.619418969590338,0.63,0.482,4.72239050202612e-34,"ns"
"ADGRG1",1.27125706570918e-38,-10.910370618631,0,0.072,6.22699848496325e-34,"down"
"HSPB1",2.34574482164954e-38,0.906283577319036,0.226,0.102,1.14901618598859e-33,"ns"
"RNF219-AS1",3.54527658817276e-38,0.38183652678731,0.857,0.671,1.73658283118466e-33,"ns"
"HSPH1",5.45661376051867e-38,0.271561589168923,0.21,0.088,2.67281311831486e-33,"ns"
"TMEM161B-AS1",6.00843109149617e-38,0.548386771420561,0.671,0.534,2.94310980154757e-33,"ns"
"GRAMD2B",6.8243790553991e-38,-10.8942318460171,0,0.07,3.34278559270614e-33,"down"
"ZFP36",1.2761642987135e-37,-2.52711293902913,0.031,0.13,6.25103558438834e-33,"down"
"PARD3",2.04104849614757e-37,0.524081525385587,0.725,0.588,9.99766784867963e-33,"ns"
"AC002429.2",5.10913907819163e-37,-11.3255828592265,0,0.069,2.50260959467061e-32,"down"
"FUT9",5.48601997096944e-37,0.422022318440496,0.762,0.595,2.68721716237996e-32,"ns"
"NRG3",8.84147937482637e-37,0.252032524827997,0.984,0.956,4.3308218421712e-32,"ns"
"LINC01158",1.01922599081259e-36,0.746186464621134,0.399,0.245,4.99247467079732e-32,"ns"
"CH17-472G23.1",1.18706046178096e-36,1.18311633776261,0.249,0.126,5.81457825994169e-32,"up"
"GADD45B",1.26379987749994e-36,-2.34842476145417,0.044,0.147,6.19047093995797e-32,"down"
"MT1X",1.9511576506192e-36,-11.2961993342278,0,0.068,9.55735552002805e-32,"down"
"LINC-PINT",4.24303366385903e-36,0.661991617523499,0.52,0.362,2.07836517956807e-31,"ns"
"FTH1P8",1.41786937107323e-35,1.35516426008214,0.186,0.078,6.94514954032802e-31,"up"
"RP1-34H18.1",1.78985199423138e-35,0.650888879195717,0.458,0.299,8.76723202334357e-31,"ns"
"DANT2",2.83142986413821e-35,-10.6477232151761,0,0.066,1.38691929035082e-30,"down"
"NPL",2.90495768049123e-35,0.803414770768482,0.403,0.257,1.42293542063502e-30,"ns"
"RPS27",6.46730702582612e-35,-4.06123726962185,0.009,0.085,3.16788100046041e-30,"down"
"GABRB1",9.55032883968591e-35,0.398309129563725,0.821,0.69,4.67803757554335e-30,"ns"
"LRRC16A",1.52586266211048e-34,0.416959081440656,0.74,0.558,7.47413307781578e-30,"ns"
"RP5-965F6.2",1.95082711018596e-34,1.7735224319805,0.132,0.045,9.5557364338239e-30,"up"
"MIR99AHG",2.41643036756264e-34,0.291629933416842,0.929,0.851,1.18364008694321e-29,"ns"
"HIF3A",3.14725882974656e-34,0.642821502025517,0.544,0.401,1.54162179257476e-29,"ns"
"GAREM1",7.945078487247e-34,-10.6279960024859,0,0.063,3.8917377954082e-29,"down"
"CCL2",9.15931085579383e-34,-4.25902058519181,0.004,0.072,4.48650523649349e-29,"down"
"GPR75-ASB3.1",1.16484554315665e-33,0.659364281969926,0.439,0.285,5.70576292404421e-29,"ns"
"PLSCR1",4.49547607874362e-33,-2.32463049213217,0.033,0.124,2.20201904765099e-28,"down"
"ETNPPL",7.35680912769814e-33,0.787412101665586,0.434,0.294,3.60358581502038e-28,"ns"
"HILPDA",3.07508584356469e-32,-11.0486991312701,0,0.06,1.50626929875329e-27,"down"
"MEF2C-AS1",3.85789476697021e-32,0.655845876585317,0.447,0.297,1.88971259370502e-27,"ns"
"AL137139.2",5.96989907065862e-32,-10.7377220637327,0,0.059,2.92423566178071e-27,"down"
"HSP90AA1",1.49209419609836e-31,0.388950443367512,0.54,0.387,7.3087250007486e-27,"ns"
"CHI3L1",2.25771314557355e-31,-3.15960188359005,0.047,0.139,1.10589563009629e-26,"down"
"PARK2",2.70635148715939e-31,0.45785157105784,0.651,0.488,1.32565214895528e-26,"ns"
"AL109809.5",8.44610749378118e-31,-10.4096272924218,0,0.057,4.13715683367884e-26,"down"
"GPC5",2.39114328948029e-30,0.23328576172991,0.984,0.967,1.17125371748613e-25,"ns"
"RORA",3.55311801481633e-30,0.236260432416908,0.956,0.924,1.74042379719749e-25,"ns"
"KCNMB2-AS1",4.47887665521706e-30,0.70094506029492,0.373,0.237,2.19388815202497e-25,"ns"
"SYTL4",8.84070328436735e-30,1.08285250796519,0.183,0.084,4.33044168978166e-25,"up"
"BCYRN1",9.86912474386176e-30,0.506844951157354,0.468,0.324,4.83419337328581e-25,"ns"
"NCAM2",1.08371254112287e-29,0.339214156698756,0.811,0.691,5.30834914018216e-25,"ns"
"AC114971.1",1.18732543963375e-29,-10.7462450751609,0,0.055,5.81587620095799e-25,"down"
"SNHG25",1.18732543963375e-29,-10.417932352066,0,0.055,5.81587620095799e-25,"down"
"LHFPL6",1.18732548434045e-29,-10.4435575011285,0,0.055,5.81587641994484e-25,"down"
"SLC7A11",2.98930546054251e-29,0.586406069309733,0.552,0.411,1.46425149373754e-24,"ns"
"CELF2",4.97338194231919e-29,0.322088789209143,0.83,0.712,2.43611167680621e-24,"ns"
"GNA14-AS1",9.09261899509991e-29,-2.05901981092625,0.13,0.234,4.45383756236979e-24,"down"
"ZFYVE28",1.37739938867247e-28,-1.41209800580712,0.157,0.27,6.74691542553438e-24,"down"
"TUT4",2.30512387227189e-28,-10.1815112695888,0,0.053,1.12911882635494e-23,"down"
"MLLT3",3.10522886775659e-28,0.516561134643914,0.409,0.268,1.52103425629321e-23,"ns"
"CD44",3.98840977489518e-28,-2.12976779243985,0.025,0.101,1.95364276003691e-23,"down"
"GFAP",5.04688659542367e-28,-0.996551291390816,0.229,0.353,2.47211646103638e-23,"ns"
"CPEB3",8.58381877665073e-28,0.486155361234827,0.511,0.369,4.20461195136683e-23,"ns"
"FTL",1.11899707864561e-27,0.826980241472474,0.476,0.361,5.48118339032977e-23,"ns"
"FAM19A1",1.59801325133142e-27,0.538435414078312,0.422,0.284,7.82754830899672e-23,"ns"
"MTSS2",1.65782964273815e-27,-10.4198161295407,0,0.051,8.12054693902427e-23,"down"
"NHSL1",1.77422372766456e-27,0.39754182926867,0.698,0.549,8.69068008521932e-23,"ns"
"ERBB4",2.65936102559965e-27,0.2515783363813,0.925,0.868,1.30263481116948e-22,"ns"
"LUC7L2",3.19756951025734e-27,-10.1045238493754,0,0.05,1.56626547320935e-22,"down"
"AC002429.5",3.46314677751154e-27,0.524774729077264,0.449,0.306,1.69635318602848e-22,"ns"
"ARHGAP26",4.35870037338334e-27,0.477664705938399,0.558,0.416,2.13502220389436e-22,"ns"
"MROH7",4.44014866113275e-27,-10.1965014460563,0,0.05,2.17491801868265e-22,"down"
"GAPDH",4.92760648993193e-27,-0.800402302917058,0.421,0.524,2.41368948696336e-22,"ns"
"AC002460.2",8.559100910848e-27,-10.3802507076918,0,0.05,4.19250439916068e-22,"down"
"SLC14A1",1.2362399818749e-26,1.0756095480499,0.248,0.142,6.05547430321782e-22,"up"
"PBX1",1.61843658401853e-26,0.408136056485316,0.579,0.426,7.92758791949797e-22,"ns"
"PRDM16-DT",2.28909549244879e-26,-10.1403573768852,0,0.049,1.12126764506619e-21,"down"
"CPNE8",2.94722492456065e-26,-1.71546490328287,0.06,0.15,1.44363918479754e-21,"down"
"AC073475.1",3.17682613309349e-26,-10.3392922032495,0,0.048,1.55610474477318e-21,"down"
"GPHN",3.2685295850127e-26,0.373770510642871,0.746,0.632,1.60102384662677e-21,"ns"
"CRYAB",4.08420926823757e-26,0.64869394759651,0.239,0.131,2.00056822586081e-21,"ns"
"ATP5ME",4.4084104173379e-26,-10.150926431269,0,0.048,2.15937167472462e-21,"down"
"ALDOC",4.40841049971851e-26,-10.0502612211557,0,0.048,2.15937171507712e-21,"down"
"RP11-679C8.2",4.52490768343557e-26,0.750131088861556,0.341,0.222,2.21643553057724e-21,"ns"
"GMDS-DT",1.63315641950176e-25,-10.039969521062,0,0.047,7.99969008964546e-21,"down"
"AOPEP",1.63315644998544e-25,-10.0339637105521,0,0.047,7.99969023896366e-21,"down"
"USP9Y",2.00666782741547e-25,0.853259712021785,0.181,0.087,9.82926101902922e-21,"ns"
"AC053513.1",2.26523105212053e-25,-10.3833335703199,0,0.047,1.1095781262602e-20,"down"
"AL139260.1",3.14164335633656e-25,-10.4458762273538,0,0.047,1.53887116523434e-20,"down"
"AC087854.1",3.14164335633656e-25,-10.2257771638024,0,0.047,1.53887116523434e-20,"down"
"NLGN4Y",4.74892894495896e-25,0.58607539472837,0.276,0.158,2.32616786510925e-20,"ns"
"C14orf37",5.50916246616354e-25,0.786665925604096,0.278,0.168,2.69855305080089e-20,"ns"
"LINC02649",1.161265009118e-24,-10.0465573766085,0,0.045,5.6882243941627e-20,"down"
"PANTR1",1.16126513894792e-24,-10.0687799219658,0,0.045,5.68822503010862e-20,"down"
"MT-ND3",1.75477164873123e-24,0.56887292173458,0.457,0.323,8.59539796698021e-20,"ns"
"LINC00969",2.33433464501247e-24,0.702344347908272,0.285,0.174,1.14342713916646e-19,"ns"
"NEAT1",3.4901368238948e-24,0.257611835443748,0.876,0.799,1.70957372044839e-19,"ns"
"HS3ST5",4.61727018259593e-24,0.651760806478858,0.289,0.176,2.26167745354097e-19,"ns"
"LEPR",5.99625087102062e-24,1.00844670228649,0.147,0.067,2.93714356415203e-19,"up"
"NAT8L",7.02014755191486e-24,-0.795329477901997,0.309,0.421,3.43867887535446e-19,"ns"
"MSMO1",7.03931610527241e-24,-1.08764992963095,0.147,0.253,3.44806820784558e-19,"down"
"SLC39A11",8.20666864048408e-24,0.455272031713418,0.559,0.418,4.01987250016832e-19,"ns"
"BRINP3",9.8543796484706e-24,0.425040996510482,0.54,0.395,4.82697078321035e-19,"ns"
"PDE7B",1.04072031637922e-23,0.359402077428042,0.632,0.483,5.09776032572035e-19,"ns"
"LRIG1",1.05208566251493e-23,-0.708593226825521,0.383,0.483,5.15343120069688e-19,"ns"
"ADGRA3",1.14025569374985e-23,-9.93815465005754,0,0.044,5.5853144646949e-19,"down"
"ANGPTL4",1.15668381944866e-23,-1.6433410718338,0.188,0.289,5.66578435280537e-19,"down"
"GASK1A",2.1882482102517e-23,-9.93644946487571,0,0.043,1.07186962082759e-18,"down"
"AC087564.1",2.1882482915942e-23,-10.1723383835792,0,0.043,1.07186966067159e-18,"down"
"ARHGEF26-AS1",2.57703163139544e-23,0.550827656569319,0.418,0.291,1.26230740400643e-18,"ns"
"AC091826.2",3.03099529926522e-23,-10.0927594857379,0,0.043,1.48467242743908e-18,"down"
"ITPKC",3.91675473369948e-23,-2.20191252864816,0.031,0.1,1.91854397120801e-18,"down"
"CTSD",4.1862226772756e-23,-7.38557399759908,0,0.044,2.05053745400991e-18,"down"
"OGA",4.19792905917041e-23,-9.93610596143419,0,0.042,2.05627159105344e-18,"down"
"PRKG1",4.20497001349846e-23,0.338559568737741,0.817,0.731,2.05972046171195e-18,"ns"
"MIR4300HG",8.05042372943113e-23,-10.3584959902768,0,0.042,3.94333905538725e-18,"down"
"SCARA3",9.13821784769567e-23,-0.873777226453451,0.167,0.276,4.47617324833677e-18,"ns"
"TPST1",1.0083843982582e-22,-1.41092833989808,0.19,0.282,4.93936929798815e-18,"down"
"SHROOM3",1.0123451334998e-22,0.342849171926068,0.575,0.426,4.95877016742209e-18,"ns"
"CTDSPL",1.17866341159064e-22,0.496516987894113,0.395,0.269,5.77344698899441e-18,"ns"
"MALAT1",1.51017840652199e-22,0.158675601836935,1,1,7.39730688866667e-18,"ns"
"GFRA1",2.33509398518618e-22,-2.77900018849685,0.012,0.066,1.14379908676374e-17,"down"
"ERBB2IP",2.6805677790822e-22,0.530309698407951,0.448,0.326,1.31302251522783e-17,"ns"
"GABRG1",3.6113523673818e-22,0.627124585788028,0.276,0.169,1.76894873011463e-17,"ns"
"FLRT2",4.12348772445398e-22,0.578579464349659,0.458,0.337,2.01980799206929e-17,"ns"
"AC007389.1",4.13662359732604e-22,-6.986234644419,0,0.042,2.02624233667821e-17,"down"
"MATN2",4.54733688834962e-22,-2.67480565751602,0.02,0.079,2.22742202802029e-17,"down"
"CCDC18-AS1",5.66566260733045e-22,-9.80468800912014,0,0.04,2.77521151494868e-17,"down"
"PPARGC1A",6.98265921982713e-22,0.704934702570451,0.239,0.14,3.42031596564793e-17,"ns"
"VAMP2",7.84073353404524e-22,-9.86300043504535,0,0.04,3.84062650698138e-17,"down"
"RP5-857K21.6",9.19389604277122e-22,-4.43010660611694,0.004,0.048,4.50344609863063e-17,"down"
"LINC01748",1.08498876009213e-21,-9.87593710746524,0,0.04,5.31460044355929e-17,"down"
"GRAMD3",1.56023144712693e-21,0.363570499998511,0.555,0.418,7.64248169746183e-17,"ns"
"ARL17B",1.76946626821926e-21,0.74297467414378,0.233,0.137,8.6673766216184e-17,"ns"
"TENT2",2.07706647113271e-21,-9.69078842738172,0,0.039,1.01740946955493e-16,"down"
"YTHDF1",2.76027402901578e-21,-1.58407557679173,0.044,0.115,1.3520650276328e-16,"down"
"MEIKIN",2.87347401455032e-21,-9.89361039441383,0,0.039,1.40751377654719e-16,"down"
"FXYD1",3.84644562745365e-21,-5.00152288981677,0.003,0.045,1.88410446169562e-16,"down"
"PDE4D",4.30941719750377e-21,0.287986417741846,0.749,0.625,2.11088182585327e-16,"ns"
"PROS1",4.45213809853251e-21,-1.778276042228,0.027,0.089,2.18079080480418e-16,"down"
"ARHGEF4",4.53714065287538e-21,0.351762784188139,0.527,0.386,2.22242760599795e-16,"ns"
"FAM182B",5.25079111672155e-21,0.555646791348368,0.351,0.238,2.57199501270372e-16,"ns"
"AL392086.3",5.49807225287569e-21,-9.82112648221241,0,0.038,2.6931207316261e-16,"down"
"NUTM2A-AS1",5.64518876441462e-21,0.54271903538858,0.289,0.183,2.76518281247322e-16,"ns"
"AFDN",7.60426146144653e-21,-9.72707251953104,0,0.038,3.72479539166036e-16,"down"
"HHATL",1.05164027740304e-20,-9.84082514535024,0,0.038,5.15124957080332e-16,"down"
"ECPAS",1.45425687863624e-20,-9.69193551466818,0,0.038,7.1233864686239e-16,"down"
"ELL2",1.71168279472199e-20,-1.61195259413548,0.077,0.155,8.38433583338673e-16,"down"
"ARHGEF3",1.7804683219625e-20,-1.31523792434193,0.096,0.182,8.72126798146893e-16,"down"
"ZCCHC11",1.86599295249507e-20,0.467843304475983,0.406,0.289,9.14019327920662e-16,"ns"
"INO80D",3.13703184335434e-20,0.328493214828173,0.669,0.525,1.53661230783026e-15,"ns"
"KALP",3.6588489696865e-20,0.856399937048718,0.153,0.076,1.79221399082154e-15,"ns"
"DGKG",3.8716907837486e-20,0.33786890699421,0.573,0.447,1.89647029660358e-15,"ns"
"RPL41",6.08751541430356e-20,-3.53600173151548,0.01,0.057,2.98184767538831e-15,"down"
"PPAP2B",6.86398976321771e-20,0.380823080850194,0.545,0.417,3.36218810571693e-15,"ns"
"AP002336.2",7.34467485689915e-20,-9.58227712191591,0,0.036,3.59764208515491e-15,"down"
"PCNX1",7.34467553491143e-20,-9.62180399678049,0,0.036,3.59764241726566e-15,"down"
"BABAM2",1.01515541229556e-19,-9.53471451687659,0,0.036,4.97253575604734e-15,"down"
"RP11-665G4.1",1.13584707531179e-19,0.986122728000052,0.189,0.108,5.56371972899974e-15,"ns"
"LHFP",1.15106215506601e-19,0.521376411783587,0.423,0.311,5.63824775415983e-15,"ns"
"LMO3",1.19549634495884e-19,0.352255186689085,0.478,0.343,5.85589974651188e-15,"ns"
"MIR100HG",1.26523970968089e-19,-1.84783412151596,0.075,0.15,6.19752366992991e-15,"down"
"SELENOW",1.40299937960287e-19,-9.57506613176563,0,0.036,6.87231186110874e-15,"down"
"NCAM1",1.76740996356879e-19,0.29279355732196,0.757,0.639,8.657304224549e-15,"ns"
"HSD17B7",1.88561210419519e-19,-1.6594131565958,0.042,0.108,9.23629376997932e-15,"down"
"SOCS3",2.1445089148336e-19,-3.56111225406909,0.004,0.045,1.05044480175294e-14,"down"
"PCSK5",2.97735898241061e-19,0.445440588844781,0.482,0.365,1.45839975035419e-14,"ns"
"TOX",3.14527132717205e-19,0.362333391446551,0.493,0.364,1.54064825418869e-14,"ns"
"MRTFB",3.70189505950324e-19,-9.56104042283894,0,0.035,1.81329925699647e-14,"down"
"PDE4DIP",4.51111985974114e-19,0.503137698300764,0.3,0.197,2.209681840897e-14,"ns"
"FTLP3",5.5288659275069e-19,1.2420907183964,0.165,0.092,2.70820439727071e-14,"up"
"DCHS2",5.5356628269012e-19,-1.4185168750581,0.049,0.117,2.71153372250102e-14,"down"
"NR4A2",5.70328831334374e-19,0.888482446971646,0.114,0.051,2.79364171452516e-14,"ns"
"PPAP2A",8.26805296142585e-19,0.586973481367617,0.301,0.2,4.04994038209522e-14,"ns"
"AC072062.1",9.06066281247875e-19,-1.44216910684086,0.036,0.099,4.43818446543647e-14,"down"
"AC097518.2",9.76074315468953e-19,-9.76033405582027,0,0.034,4.78110481946157e-14,"down"
"ANKHD1",9.76074369424867e-19,-9.4701943654381,0,0.034,4.78110508375383e-14,"down"
"CH17-472G23.2",1.02407547214756e-18,0.912995196011771,0.201,0.119,5.0162288852204e-14,"ns"
"ATP6V0C",1.34824360744964e-18,-9.51334090289464,0,0.034,6.60410166237057e-14,"down"
"PLCB1",1.62178970466074e-18,0.348558104620941,0.725,0.621,7.9440125103397e-14,"ns"
"PER1",1.76996976574713e-18,0.779643080201303,0.185,0.106,8.66984290355917e-14,"ns"
"HMCN2",1.82643679593384e-18,0.960013473780901,0.138,0.069,8.94643535752272e-14,"ns"
"EIF4A1",1.86217522718332e-18,-9.54235015442719,0,0.033,9.12149291531205e-14,"down"
"F3",1.87089269296908e-18,-0.769943497395249,0.396,0.474,9.16419367797044e-14,"ns"
"MKLN1",1.93347746275624e-18,0.321489180348521,0.726,0.614,9.47075265581889e-14,"ns"
"RP11-561I11.4",1.96229350260857e-18,-1.17049801469627,0.089,0.168,9.61190226382758e-14,"down"
"BICC1",2.61865603454168e-18,0.4285519047505,0.378,0.264,1.28269628539955e-13,"ns"
"AC009120.4",2.84588449210384e-18,1.06047821744029,0.153,0.082,1.39399960076722e-13,"up"
"SEPTIN8",3.55161383448864e-18,-9.52994205204015,0,0.033,1.73968700454757e-13,"down"
"SERPINA3",4.30045910693792e-18,-5.61586793135967,0.002,0.037,2.1064938843514e-13,"down"
"FRMD5",4.30237635841387e-18,0.433142002269956,0.392,0.283,2.10743301164186e-13,"ns"
"TCF4",4.50551861058045e-18,0.277729159147801,0.708,0.592,2.20693818102062e-13,"ns"
"JDP2",5.28399996685571e-18,1.10587750224537,0.115,0.053,2.58826170376493e-13,"up"
"APOD",5.71834954699138e-18,-1.50853622802593,0.033,0.092,2.80101915860279e-13,"down"
"ZIC1",6.47690189819574e-18,-1.26138731228812,0.118,0.201,3.17258085679322e-13,"down"
"AC008957.2",6.77174150313295e-18,-9.42407716429823,0,0.032,3.31700214047961e-13,"down"
"FLJ39080",6.88931064550276e-18,1.05515278871259,0.129,0.064,3.37459103348662e-13,"up"
"AC078842.4",8.45820561382782e-18,-2.17732948971766,0.013,0.059,4.14308285582128e-13,"down"
"ABCD4",9.02932448164353e-18,-1.36554061154171,0.065,0.135,4.42283401084345e-13,"down"
"CH507-513H4.1",9.22961156246461e-18,1.14769190413432,0.071,0.024,4.52094063164204e-13,"up"
"AC009041.2",9.34952155171054e-18,-9.55113990115215,0,0.032,4.57967614167437e-13,"down"
"SEPTIN11",1.29076306758339e-17,-9.35652096629491,0,0.032,6.32254473394372e-13,"down"
"ESRRG",1.413536572471e-17,0.333106902172836,0.584,0.458,6.92392619293472e-13,"ns"
"RP11-761E20.1",1.64921611465019e-17,0.431626723872348,0.424,0.319,8.07835529439105e-13,"ns"
"SPATA13",1.78185362831805e-17,-9.36836740845548,0,0.032,8.72805362759028e-13,"down"
"SHFM1",1.87936739156452e-17,0.617795820099462,0.228,0.142,9.20570529410049e-13,"ns"
"FAM19A5",2.14808582291493e-17,0.492009700078959,0.269,0.176,1.05219687863842e-12,"ns"
"CPLANE1",2.45960957338141e-17,-9.24109951803898,0,0.031,1.20479055732942e-12,"down"
"AC098829.1",2.45960966381252e-17,-9.58365507070338,0,0.031,1.20479060162529e-12,"down"
"TUBB2B",3.0246172033262e-17,-0.821393521823616,0.228,0.324,1.48154824470527e-12,"ns"
"ARAP2",3.22986939373296e-17,0.34303877045197,0.538,0.423,1.58208692513221e-12,"ns"
"ATP5I",3.33703606499246e-17,0.493339072511121,0.277,0.181,1.63458037571526e-12,"ns"
"AC046134.2",3.39491735413755e-17,-9.38677169838035,0,0.031,1.66293236757719e-12,"down"
"GARS-DT",3.39491766611561e-17,-9.25270997512995,0,0.031,1.66293252039341e-12,"down"
"NSD3",3.39491785330244e-17,-9.33701754145993,0,0.031,1.66293261208314e-12,"down"
"TXNIP",3.4831608809861e-17,1.0526492310053,0.077,0.029,1.70615669433342e-12,"up"
"RP11-114N19.3",3.86198835576106e-17,1.18260617222846,0.094,0.041,1.89171775630244e-12,"up"
"MTND1P23",4.37696643821914e-17,-2.63107736750107,0.01,0.052,2.14396947043288e-12,"down"
"AF117829.1",4.68556073055228e-17,-9.53712036376576,0,0.031,2.29512821264642e-12,"down"
"NRDC",6.46641183040276e-17,-9.2049998824317,0,0.03,3.16744250688618e-12,"down"
"RP11-154D17.1",6.91609937093617e-17,0.474654847869637,0.406,0.3,3.38771295486566e-12,"ns"
"RANBP3L",7.20994765615976e-17,0.287620085584224,0.565,0.432,3.53164866041674e-12,"ns"
"PLPP1",8.92349414249284e-17,-9.37038196067003,0,0.03,4.37099513581727e-12,"down"
"AHCYL2",9.39812816919705e-17,0.264444632430663,0.748,0.635,4.60348512111779e-12,"ns"
"RABGEF1",1.00523137859859e-16,-3.21324020818264,0.007,0.045,4.92392486178947e-12,"down"
"IQCJ-SCHIP1",1.0185011221187e-16,0.598782389866476,0.262,0.173,4.98892404647405e-12,"ns"
"FAM13A",1.13536375451304e-16,0.701302773085469,0.222,0.14,5.56135227873122e-12,"ns"
"SLC1A3",1.15985774155688e-16,-0.237845685977475,0.948,0.946,5.68133117546807e-12,"ns"
"GLUL",1.17707872780794e-16,-0.339150268294846,0.718,0.748,5.76568473242165e-12,"ns"
"NFIB",1.17761716832535e-16,0.268808533028809,0.67,0.536,5.76832217560805e-12,"ns"
"AL160272.1",1.23133620088745e-16,-9.47715755148273,0,0.03,6.03145411280697e-12,"down"
"SEPTIN2",1.2313362687209e-16,-9.34533413610124,0,0.03,6.03145444507557e-12,"down"
"HACD3",1.23133629133205e-16,-9.45133472080721,0,0.03,6.0314545558318e-12,"down"
"TMEM14B",1.23133633655435e-16,-9.30256588074528,0,0.03,6.03145477734419e-12,"down"
"MACF1",1.26764858839742e-16,-0.291813919258983,0.922,0.908,6.2093230805471e-12,"ns"
"STX16",1.71179031653033e-16,-5.69244875901085,0.001,0.032,8.38486250746053e-12,"down"
"GPX4",1.7196649673303e-16,-1.10923188252869,0.06,0.127,8.42343490947401e-12,"down"
"PFKFB3",1.7222595766243e-16,-0.771490391487063,0.204,0.298,8.43614408417881e-12,"ns"
"CHL1",1.7355060734674e-16,0.381358735429192,0.513,0.406,8.50102939966535e-12,"ns"
"SLC15A2",1.77815932772749e-16,0.414723953914124,0.347,0.243,8.70995783500757e-12,"ns"
"NR3C2",1.82810054672506e-16,0.365921410687725,0.446,0.33,8.95458490802334e-12,"ns"
"METRN",2.34407592803329e-16,-9.41923076163651,0,0.029,1.14819871182854e-11,"down"
"ANOS1",2.34407592803329e-16,-9.28348122291647,0,0.029,1.14819871182854e-11,"down"
"FNIP1",2.34407605711217e-16,-9.45723520890639,0,0.029,1.14819877505525e-11,"down"
"NEDD4L",2.4246954695687e-16,0.493005687506049,0.265,0.173,1.18768858185884e-11,"ns"
"INTU",2.44274567162012e-16,0.410620347352475,0.449,0.343,1.19653011232968e-11,"ns"
"CST3",2.74248910280065e-16,-0.638089713824395,0.623,0.665,1.34335343722484e-11,"ns"
"PCDH7",2.97589752690129e-16,0.327369584489866,0.574,0.463,1.45768388560206e-11,"ns"
"WIF1",3.23523672176426e-16,-0.575441149203961,0.277,0.373,1.58471600342179e-11,"ns"
"CNTN1",3.46740660980201e-16,0.451311019992213,0.582,0.483,1.69843977967932e-11,"ns"
"RP11-296O14.3",3.53601117762754e-16,0.765050174546208,0.191,0.115,1.7320443551373e-11,"ns"
"COP1",4.46119280414496e-16,-9.26277931028813,0,0.029,2.18522607125432e-11,"down"
"ZMYND8",4.63427221666534e-16,0.469010764014959,0.298,0.201,2.27000555988918e-11,"ns"
"AL391807.1",6.1538666856851e-16,-9.28783994929537,0,0.029,3.01434851864913e-11,"down"
"GBP1",6.17356298741295e-16,-3.01452002225597,0.005,0.041,3.02399635812449e-11,"down"
"EMP1",6.35269365679863e-16,-2.76954398302323,0.012,0.053,3.11173993390967e-11,"down"
"TMEM178B",6.49198852984872e-16,0.362326134558444,0.411,0.304,3.1799707415758e-11,"ns"
"CHPT1",6.89680362525714e-16,0.365136770489187,0.52,0.421,3.37826131975971e-11,"ns"
"AC011346.1",8.4882329639692e-16,-9.34636381326956,0,0.028,4.15779115274103e-11,"down"
"LGALS3",8.89460551289815e-16,-1.57051990396969,0.04,0.096,4.3568446183829e-11,"down"
"DPY19L1P1",9.28611640970429e-16,0.732766096061278,0.211,0.133,4.54861840096545e-11,"ns"
"LINC00472",1.00040070419925e-15,-3.16455855294575,0.011,0.051,4.9002627693792e-11,"down"
"AIFM3",1.05373921601274e-15,-3.37362746172332,0.006,0.041,5.16153080179522e-11,"down"
"NIPSNAP2",1.1707360153177e-15,-9.24575445261222,0,0.028,5.73461622383067e-11,"down"
"SHC1",1.51793417221575e-15,-5.57291396103718,0.001,0.031,7.43529695576439e-11,"down"
"PEBP1",1.53250158681452e-15,-0.767812701785728,0.203,0.293,7.50665252269358e-11,"ns"
"MGEA5",1.59426376902168e-15,0.52650869844594,0.321,0.232,7.80918221979888e-11,"ns"
"ATP5F1E",1.61463182274941e-15,-9.21372980448505,0,0.028,7.90895105737345e-11,"down"
"KCNMA1",1.68242913426659e-15,0.263047825956937,0.651,0.542,8.24104262837806e-11,"ns"
"RP11-611E13.2",1.76466109900409e-15,0.71871829443938,0.207,0.13,8.64383946125171e-11,"ns"
"LSAMP-AS1",1.79170934453954e-15,0.699798215215151,0.315,0.232,8.77632988235803e-11,"ns"
"AC079610.1",1.84635028776518e-15,0.639787477788947,0.21,0.132,9.04397761456016e-11,"ns"
"CADM1",1.90300022496325e-15,0.202695054662724,0.907,0.857,9.32146600193749e-11,"ns"
"MT3",2.22002323265901e-15,0.706365197339686,0.595,0.542,1.08743398005336e-10,"ns"
"LINC01578",2.22669775360734e-15,-9.16865545798064,0,0.027,1.09070336064948e-10,"down"
"GALNT16",2.45866724716421e-15,-1.33913302189014,0.052,0.113,1.20432897767844e-10,"down"
"FGFR3",2.48058259275869e-15,-0.596662393256864,0.487,0.547,1.21506377141099e-10,"ns"
"OSMR-AS1",2.67524281255141e-15,-1.22182136660129,0.067,0.132,1.31041418687206e-10,"down"
"SLC39A14",3.16079962966197e-15,-1.41908977381003,0.068,0.132,1.54825448259732e-10,"down"
"EAF2",3.48121882957249e-15,0.649822691774969,0.145,0.079,1.70520541928949e-10,"ns"
"TMEM232",4.19892175291841e-15,0.44328800130823,0.324,0.229,2.05675784223202e-10,"ns"
"AC053527.2",4.2340700707217e-15,-9.23002218107779,0,0.027,2.07397454274161e-10,"down"
"DGLUCY",4.2340705361999e-15,-9.15798738551911,0,0.027,2.0739747707468e-10,"down"
"MTATP6P1",4.25241186233304e-15,0.695486498464713,0.167,0.098,2.08295890252659e-10,"ns"
"C7orf60",4.68783722711387e-15,1.00440178741501,0.133,0.072,2.29624330895719e-10,"up"
"CSGALNACT1",4.92159932390984e-15,0.269482462549087,0.636,0.527,2.41074699683076e-10,"ns"
"FTH1P10",5.38490690076093e-15,1.84725146636909,0.049,0.015,2.63768894719973e-10,"up"
"PPP3R1",5.83805225252296e-15,-9.1298280001096,0,0.027,2.85965313485332e-10,"down"
"SOX2",5.83805225252296e-15,-9.18646696477335,0,0.027,2.85965313485332e-10,"down"
"LINC01138",6.16931771461346e-15,0.443178000054445,0.327,0.235,3.02191689614911e-10,"ns"
"PCNXL4",6.93604856709761e-15,0.677865035794175,0.178,0.106,3.39748466962142e-10,"ns"
"NR4A1",7.10281491810838e-15,0.605637431290555,0.093,0.042,3.47917183133703e-10,"ns"
"PMP2",7.19084625791045e-15,-0.930927455157298,0.114,0.189,3.52229222251228e-10,"ns"
"CRISPLD1",7.39967667896136e-15,-1.5427726296322,0.029,0.079,3.62458362765564e-10,"down"
"ITGB8",7.98351014175422e-15,0.566106038126656,0.207,0.13,3.91056277273547e-10,"ns"
"AC099792.1",8.04920052929169e-15,-9.18292882871785,0,0.026,3.94273989526295e-10,"down"
"NORAD",8.04920082415091e-15,-9.23006622753187,0,0.026,3.94274003969384e-10,"down"
"GJA1",8.22810404042269e-15,0.303423429194453,0.588,0.489,4.03037220212025e-10,"ns"
"ID2",8.29465395546331e-15,-0.820657943512294,0.2,0.284,4.06297034700459e-10,"ns"
"ALCAM",8.90510347185138e-15,0.304629942740052,0.532,0.424,4.36198683361696e-10,"ns"
"CLASP1",9.06831016202537e-15,0.357814267410515,0.488,0.382,4.44193036666489e-10,"ns"
"FBXL7",1.03807459327767e-14,0.221160094835755,0.865,0.776,5.08480078025201e-10,"ns"
"LINC00513",1.10971863805531e-14,-9.03284735121969,0,0.026,5.43573480478633e-10,"down"
"TMEM94",1.10971863805531e-14,-9.15817851417444,0,0.026,5.43573480478633e-10,"down"
"SLC7A2",1.14906034875306e-14,0.630310176500831,0.202,0.127,5.62844230629709e-10,"ns"
"CDH10",1.43956289152348e-14,0.395055438412949,0.372,0.272,7.05141091154948e-10,"ns"
"ZDHHC21",1.52143247366622e-14,0.47012433137412,0.29,0.201,7.45243268575923e-10,"ns"
"TAFA5",1.52984963207673e-14,-9.1138950776414,0,0.026,7.49366245280146e-10,"down"
"ARMH4",1.52984968809868e-14,-9.07269874640482,0,0.026,7.49366272721375e-10,"down"
"KANK1",1.61593621111122e-14,0.319794108600732,0.555,0.446,7.91534034288609e-10,"ns"
"SH3RF1",2.05203531085055e-14,0.438553952257781,0.341,0.247,1.00514845631393e-09,"ns"
"AC106845.1",2.10892391384675e-14,-9.09968558940811,0,0.026,1.03301420071955e-09,"down"
"PWWP3A",2.10892391384675e-14,-9.0477178489314,0,0.026,1.03301420071955e-09,"down"
"BEX3",2.10892399106081e-14,-9.11136904764657,0,0.026,1.03301423854132e-09,"down"
"KCNN3",2.13218012229287e-14,0.377882437330979,0.331,0.233,1.04440578930272e-09,"ns"
"MIF",2.19950965214644e-14,-4.97816374116432,0.001,0.028,1.07738581291089e-09,"down"
"UBA6-AS1",2.37678381749141e-14,0.552295322500327,0.294,0.211,1.16422001732182e-09,"ns"
"HPSE2",2.421172964314e-14,0.254732092964907,0.76,0.688,1.18596315310993e-09,"ns"
"FAM155A",2.8021264088283e-14,0.217197507932297,0.884,0.805,1.37256557883637e-09,"ns"
"PML",2.83610512363089e-14,-1.49168240624399,0.032,0.082,1.38920937270812e-09,"down"
"CH17-472G23.4",2.87983203432466e-14,0.929872748892389,0.119,0.063,1.41062812537325e-09,"ns"
"NR2F1-AS1",3.08379294481824e-14,0.447962199585654,0.347,0.254,1.51053429816032e-09,"ns"
"ADM",3.2223045281865e-14,-2.56952328736269,0.006,0.039,1.5783814270416e-09,"down"
"KLF12",3.94807325726006e-14,0.274257525225902,0.466,0.354,1.9338847236037e-09,"ns"
"AEBP1",3.96512500467605e-14,-1.46725241834362,0.057,0.114,1.94223718104047e-09,"down"
"WASHC1",4.00696868198144e-14,-9.07315864201247,0,0.025,1.96273346949497e-09,"down"
"HDHD3",5.10978265303631e-14,-1.05547855067044,0.047,0.103,2.50292483693678e-09,"down"
"ARL6IP1",5.17527452876101e-14,-4.14009230674608,0.003,0.031,2.535004722423e-09,"down"
"SUMF1",5.38779476479668e-14,0.445595427094858,0.341,0.249,2.63910350964036e-09,"ns"
"SOX6",5.42359382084066e-14,0.25804731110293,0.597,0.472,2.65663896126238e-09,"ns"
"SIRPB3P",5.51333520605267e-14,0.791014494668521,0.122,0.066,2.70059698398078e-09,"ns"
"GATD1",5.52280718615012e-14,-8.96687265742693,0,0.025,2.70523664399191e-09,"down"
"FTH1",5.61309589817028e-14,0.451359493863268,0.521,0.416,2.74946276380075e-09,"ns"
"RFWD2",5.7014742329446e-14,0.603862167005905,0.272,0.193,2.79275312352325e-09,"ns"
"DNM3",5.96971164725082e-14,0.292757191221412,0.631,0.539,2.92414385617287e-09,"ns"
"ATP5F1B",7.61170687335339e-14,-8.83755314666873,0,0.024,3.72844237777469e-09,"down"
"LARGE1",7.61170701260726e-14,-8.97794300350396,0,0.024,3.72844244598541e-09,"down"
"TMBIM1",7.68922340204989e-14,-0.953345613124177,0.071,0.134,3.7664122990261e-09,"ns"
"NFAT5",7.87199043451888e-14,0.324299807669024,0.556,0.458,3.85593707454038e-09,"ns"
"TCF25",8.72396217289904e-14,-0.778359313076922,0.136,0.213,4.27325839115114e-09,"ns"
"TSC22D2",9.50363907669054e-14,0.431775573531491,0.341,0.251,4.65516752893533e-09,"ns"
"RP11-373N22.3",9.94480936504059e-14,0.586443092135644,0.218,0.142,4.87126597127783e-09,"ns"
"DOP1A",1.04901828265982e-13,-8.90386347623814,0,0.024,5.1384062539526e-09,"down"
"CERS1",1.04901832103693e-13,-8.99322961346755,0,0.024,5.13840644193521e-09,"down"
"MRTFA",1.04901835941405e-13,-8.86650058874487,0,0.024,5.13840662991783e-09,"down"
"FBXL17",1.23838254889937e-13,0.303425737170471,0.512,0.41,6.06596923927379e-09,"ns"
"RP11-33B1.1",1.23847269979125e-13,0.598551846804148,0.24,0.164,6.06641082538746e-09,"ns"
"MINK1",1.44401259746386e-13,-0.870215196638964,0.161,0.237,7.07320690615723e-09,"ns"
"AC083837.1",1.44565113007542e-13,-9.5620725475212,0,0.024,7.08123293044844e-09,"down"
"ARMH1",1.44565118295507e-13,-9.15463852378885,0,0.024,7.08123318946880e-09,"down"
"AC118549.1",1.44565118295507e-13,-8.95330922872237,0,0.024,7.08123318946880e-09,"down"
"TAFA1",1.44565120939489e-13,-9.10241955284467,0,0.024,7.08123331897898e-09,"down"
"AL356737.2",1.44565120939489e-13,-8.98571889914476,0,0.024,7.08123331897898e-09,"down"
"OSBPL11",1.46037246815938e-13,0.597260879462667,0.185,0.116,7.15334246078507e-09,"ns"
"RP11-750B16.1",1.50785736683523e-13,-5.72460794063884,0,0.025,7.38593773996899e-09,"down"
"PTPRZ1",1.60635862215044e-13,-0.364474028821872,0.722,0.725,7.86842643887951e-09,"ns"
"KDM4C",1.70234194020849e-13,-2.95590681117668,0.015,0.053,8.33858152572322e-09,"down"
"TNRC6B",1.71480487649607e-13,0.275409168073347,0.577,0.473,8.3996287265407e-09,"ns"
"AC079352.1",1.99215867556474e-13,-9.12345521972887,0,0.024,9.75819084051877e-09,"down"
"INPP4B",2.06606003755785e-13,0.382280255195508,0.341,0.248,1.01201818819696e-08,"ns"
"NOVA1",2.08377671962231e-13,0.315103978542181,0.363,0.265,1.02069635057259e-08,"ns"
"C1orf61",2.35201244139395e-13,-0.311300300925225,0.69,0.737,1.152086254168e-08,"ns"
"SULF1",2.52155588718899e-13,-1.77189935299304,0.018,0.058,1.23513372022179e-08,"down"
"XIRP2",2.59722415176726e-13,-1.42538616064265,0.024,0.067,1.27219830626016e-08,"down"
"CLIC4",2.7292637919855e-13,-1.01571817895603,0.075,0.137,1.33687528322826e-08,"down"
"ACBD6",2.74514264751353e-13,-8.85236232765592,0,0.023,1.34465322303155e-08,"down"
"AC009120.2",2.74514264751353e-13,-8.99119080837021,0,0.023,1.34465322303155e-08,"down"
"CRB1",3.55293420420005e-13,0.258410721863181,0.529,0.416,1.74033376124331e-08,"ns"
"RP11-421L21.3",3.60489589538407e-13,0.836155470769913,0.132,0.075,1.76578615643598e-08,"ns"
"SASH1",3.63647542963318e-13,0.247401312690703,0.643,0.543,1.78125475969722e-08,"ns"
"RHOT2",3.7825711667239e-13,-9.02325061668994,0,0.023,1.85281683459637e-08,"down"
"ADGRB1",3.78257137417823e-13,-8.96050178818641,0,0.023,1.85281693621372e-08,"down"
"AC091078.1",3.78257137417823e-13,-9.03594486683169,0,0.023,1.85281693621372e-08,"down"
"ZBTB20",3.89643901896612e-13,0.158142760211507,0.929,0.878,1.90859272466018e-08,"ns"
"FOXO1",4.3346329839963e-13,0.308985224212773,0.478,0.383,2.12323327455091e-08,"ns"
"SPART",5.21184119925358e-13,-8.87133246977242,0,0.023,2.55291617463038e-08,"down"
"TIA1",5.21184129452203e-13,-8.8733569262697,0,0.023,2.55291622129573e-08,"down"
"KREMEN1",5.21184129452203e-13,-8.91168520295309,0,0.023,2.55291622129573e-08,"down"
"POLR2J3",5.21184138979042e-13,-8.84952380897363,0,0.023,2.55291626796104e-08,"down"
"ATP5MD",5.21184148505884e-13,-8.9622507204752,0,0.023,2.55291631462637e-08,"down"
"TOB2",5.25391353672957e-13,0.491227431280645,0.207,0.134,2.57352446769624e-08,"ns"
"CTC-498M16.4",5.84573451314481e-13,0.432830544611497,0.327,0.243,2.86341613657372e-08,"ns"
"CDC37",6.33667775438153e-13,-0.890850471335358,0.112,0.18,3.10389486442871e-08,"ns"
"SPECC1L",6.71466803769285e-13,-3.47719676636616,0.004,0.031,3.28904584490309e-08,"down"
"HERC2P3",6.85054541904493e-13,1.49591084430227,0.065,0.027,3.35560266261078e-08,"up"
"DISP3",7.18088147913356e-13,-8.91471745394486,0,0.023,3.51741117492399e-08,"down"
"AC104596.1",7.18088147913356e-13,-8.97065769597264,0,0.023,3.51741117492399e-08,"down"
"AC079781.5",7.18088147913356e-13,-8.75835093689178,0,0.023,3.51741117492399e-08,"down"
"KMT5B",7.18088147913356e-13,-9.0190081115717,0,0.023,3.51741117492399e-08,"down"
"FAT3",7.24788424415119e-13,0.311069802732988,0.507,0.408,3.55023113931258e-08,"ns"
"GNA14",8.28757478470525e-13,-0.847938197981915,0.402,0.446,4.05950275679217e-08,"ns"
"MYBPC1",9.04702254113166e-13,0.93594136607356,0.125,0.071,4.43150305132252e-08,"ns"
"RPS6KA2",9.57972558795609e-13,0.276420799056169,0.616,0.519,4.69243698474853e-08,"ns"
"AC019257.1",9.89344509603668e-13,-8.87826924322233,0,0.022,4.84610621139165e-08,"down"
"ATP5MPL",9.89344509603668e-13,-8.92274799679572,0,0.022,4.84610621139165e-08,"down"
"CDKN1A",1.00150891215791e-12,-3.743608883724,0.001,0.026,4.90569110442311e-08,"down"
"AC004980.7",1.07716427712904e-12,0.498648469931792,0.292,0.213,5.27627377866118e-08,"ns"
"CYP1D1P",1.28650685075235e-12,-3.14609831131797,0.004,0.03,6.30169650704024e-08,"down"
"NPDC1",1.30404341215316e-12,-2.93126666008275,0.008,0.039,6.38759584574983e-08,"down"
"LINC00856",1.32018296292277e-12,0.586074979435342,0.202,0.134,6.46665220728459e-08,"ns"
"ARMH3",1.36301674343339e-12,-8.71585589997427,0,0.022,6.67646491435976e-08,"down"
"OAZ1",1.36301691777495e-12,-8.86908293689717,0,0.022,6.67646576833702e-08,"down"
"AC025159.1",1.36301691777495e-12,-8.88434071596976,0,0.022,6.67646576833702e-08,"down"
"PAPD4",1.50527168065897e-12,0.490098901823236,0.273,0.197,7.37327227337182e-08,"ns"
"EYA1",1.67304893808983e-12,0.380738466930787,0.3,0.215,8.1950956134454e-08,"ns"
"AF279873.3",1.87775776674507e-12,-9.06436431795737,0,0.022,9.19782086884739e-08,"down"
"DDX39B",1.87775780105296e-12,-8.95451013327429,0,0.022,9.19782103689773e-08,"down"
"TASOR2",1.8777578696687e-12,-8.72688122542831,0,0.022,9.19782137299819e-08,"down"
"SLC9A3-AS1",1.87775790397658e-12,-8.84162304369105,0,0.022,9.19782154104848e-08,"down"
"NUP58",1.87775790397658e-12,-8.82356719732084,0,0.022,9.19782154104848e-08,"down"
"MT2P1",1.96530232183169e-12,0.640396501450666,0.292,0.219,9.62664036302816e-08,"ns"
"MTSS1L",2.02147468840166e-12,0.253911497871757,0.421,0.321,9.90178946619787e-08,"ns"
"CCDC144A",2.58680302735412e-12,-8.61900944921098,0,0.022,1.26709372688887e-07,"down"
"RACK1",2.58680302735412e-12,-8.56273011166304,0,0.022,1.26709372688887e-07,"down"
"CLU",3.27118124838921e-12,-0.315983626055115,0.849,0.868,1.60232271089848e-07,"ns"
"FMNL2",3.28955978170688e-12,0.182091366338295,0.775,0.682,1.61132506787348e-07,"ns"
"KANSL1",3.47599994607972e-12,0.320868490550962,0.434,0.343,1.70264905358823e-07,"ns"
"TSPOAP1",3.56347183611773e-12,-8.88720217344261,0,0.021,1.74549540948555e-07,"down"
"AC079142.1",3.56347183611773e-12,-9.0438852963835,0,0.021,1.74549540948555e-07,"down"
"DIPK1A",3.56347190121158e-12,-8.84183871514832,0,0.021,1.74549544137047e-07,"down"
"AL512422.1",3.56347203139932e-12,-8.91014028040482,0,0.021,1.74549550514033e-07,"down"
"VWA8",4.23397975827006e-12,0.323068474932501,0.369,0.283,2.07393030499342e-07,"ns"
"RHOT1",4.35235011148057e-12,0.500808248093344,0.255,0.18,2.13191165510653e-07,"ns"
"AC074391.1",4.44319955216272e-12,0.34440877397216,0.358,0.27,2.17641243663587e-07,"ns"
"UTP23",4.52223425126884e-12,0.937349320352151,0.091,0.046,2.21512600329902e-07,"ns"
"LDLR",4.61618438935145e-12,-1.01721346729193,0.088,0.148,2.26114559943602e-07,"down"
"ZNF148",4.65660585893042e-12,0.439987262406263,0.282,0.203,2.28094524787989e-07,"ns"
"AQP4",4.83991098175346e-12,0.318270729276145,0.594,0.505,2.3707335961923e-07,"ns"
"CYBC1",4.90874365623908e-12,-8.85849658214294,0,0.021,2.40444990513559e-07,"down"
"UBE2W",4.90874374589874e-12,-8.83429247839233,0,0.021,2.40444994905358e-07,"down"
"BICRAL",4.90874374589874e-12,-8.65837897244876,0,0.021,2.40444994905358e-07,"down"
"RELCH",4.90874374589874e-12,-8.64876577696346,0,0.021,2.40444994905358e-07,"down"
"ATF7",4.91067084395967e-12,-4.77138521795596,0.002,0.026,2.40539389949676e-07,"down"
"CYP51A1",4.99361921610719e-12,-3.82430433124844,0.005,0.032,2.44602450062579e-07,"down"
"CTD-2007H13.3",5.53586169806445e-12,0.661341262164631,0.181,0.118,2.71163113556291e-07,"ns"
"MBD5",6.42338191604145e-12,0.258503316260321,0.597,0.497,3.14636516393458e-07,"ns"
"RPS15",6.50804228978707e-12,-0.634821947072664,0.157,0.232,3.1878343548064e-07,"ns"
"PPIA",6.67415720575399e-12,-0.732689928864973,0.148,0.218,3.26920242409448e-07,"ns"
"ADCY2",6.75237373545722e-12,0.208195688125112,0.717,0.629,3.30751522683901e-07,"ns"
"SPRY4-AS1",6.76168935447923e-12,-8.61471406837423,0,0.021,3.31207829650456e-07,"down"
"AC008014.1",6.76168972496036e-12,-8.86934387876934,0,0.021,3.31207847797733e-07,"down"
"BMERB1",6.76168972496036e-12,-8.8399961865432,0,0.021,3.31207847797733e-07,"down"
"AL050309.1",6.7616898484541e-12,-8.73855880257227,0,0.021,3.31207853846827e-07,"down"
"RPS20P10",7.66836995990082e-12,1.65440695344893,0.036,0.01,3.75619765745822e-07,"up"
"RELL1",7.80334553787746e-12,-1.09169097608389,0.06,0.113,3.82231274481852e-07,"down"
"RP11-776H12.1",8.10574371384799e-12,0.459996329209173,0.319,0.24,3.97043644335416e-07,"ns"
"RP11-517I3.2",8.75353985202027e-12,0.58415952820518,0.222,0.153,4.28774642571509e-07,"ns"
"WASHC4",9.31384206185657e-12,-8.73575006065456,0,0.02,4.5621992571592e-07,"down"
"NCOA2",9.38504438053111e-12,0.319512573875621,0.407,0.321,4.59707628891556e-07,"ns"
"RP11-284M14.1",1.04022453187379e-11,0.489522216064505,0.267,0.192,5.09533182447739e-07,"ns"
"LGI1",1.12369093953285e-11,0.296904921433066,0.387,0.292,5.50417532911374e-07,"ns"
"DPH6-DT",1.2828982402788e-11,-8.84283454927303,0,0.02,6.28402045035765e-07,"down"
"EIF4G1",1.28289826370577e-11,-8.62940385346622,0,0.02,6.28402056510996e-07,"down"
"YBX3",1.34535804356873e-11,-1.09533655753782,0.051,0.101,6.58996730481269e-07,"down"
"ATP5EP2",1.37712728879399e-11,0.627752225071353,0.16,0.1,6.7455825986996e-07,"ns"
"ASPH",1.54419187041299e-11,0.245867235638556,0.589,0.497,7.56391503884392e-07,"ns"
"PRKD1",1.54881082444271e-11,0.27830391987933,0.562,0.465,7.58654006136773e-07,"ns"
"PLD5",1.5494736796966e-11,-0.754646421551882,0.154,0.223,7.58978692525784e-07,"ns"
"PAGR1",1.7670390511117e-11,-8.64325930761605,0,0.02,8.65548738406044e-07,"down"
"TUBB3",1.76703908337743e-11,-8.77848551645927,0,0.02,8.65548754210768e-07,"down"
"AP2M1",1.76703914790889e-11,-8.54157674874866,0,0.02,8.65548785820211e-07,"down"
"AC005261.1",1.76703914790889e-11,-8.7564354659209,0,0.02,8.65548785820211e-07,"down"
"PDE8B",1.7876392259115e-11,-0.984670764440709,0.095,0.155,8.7563932202823e-07,"ns"
"GPC6",1.82609016729827e-11,-0.440835760763765,0.191,0.268,8.94473746647714e-07,"ns"
"KITLG",1.87175074380221e-11,1.91896910895095,0.038,0.012,9.16839666836637e-07,"up"
"UBE2Q2P2",1.91075871867006e-11,0.939554255326019,0.108,0.06,9.35946943166153e-07,"ns"
"RFX3",1.92413161809742e-11,0.301974422287431,0.504,0.41,9.42497390492661e-07,"ns"
"MT-CO1",1.95136961325188e-11,-0.703488288270106,0.452,0.502,9.5583937765917e-07,"ns"
"TXLNGY",2.23751408617872e-11,0.985748402813291,0.069,0.032,1.09600152483292e-06,"ns"
"PRXL2A",2.4338383377375e-11,-8.45420492231217,0,0.02,1.19216703297396e-06,"down"
"AC005225.2",2.4338383377375e-11,-8.65388180612537,0,0.02,1.19216703297396e-06,"down"
"SEPTIN9",2.43383838217625e-11,-8.66253075011024,0,0.02,1.19216705474139e-06,"down"
"TRMT9B",2.43383842661501e-11,-8.6808930073267,0,0.02,1.19216707650883e-06,"down"
"NPTN",2.4751829201517e-11,0.465510899798787,0.171,0.109,1.21241884977791e-06,"ns"
"KANSL1L",2.64546291583603e-11,0.439172919600314,0.294,0.221,1.29582710006396e-06,"ns"
"DUSP1",2.74741905447638e-11,1.21421541581577,0.052,0.02,1.34576827545417e-06,"up"
"PDLIM5",2.82961723322379e-11,0.307923435645937,0.407,0.321,1.38603140935001e-06,"ns"
"DENND1A",2.83483975658269e-11,0.244109336738149,0.49,0.396,1.3885895579669e-06,"ns"
"EYA2",2.9947174868451e-11,0.28024158008036,0.366,0.28,1.46690246658133e-06,"ns"
"ATP1B3",3.01344617824055e-11,0.521522103329506,0.146,0.09,1.47607634148757e-06,"ns"
"ARRB1",3.06633057379076e-11,0.389158971289307,0.195,0.129,1.50198070495993e-06,"ns"
"KDM5D",3.11900559503354e-11,1.01212698808515,0.064,0.028,1.52778251061528e-06,"up"
"SEPT7",3.15145513245385e-11,0.201286726873135,0.569,0.456,1.54367726752987e-06,"ns"
"BST2",3.1950952962947e-11,-1.19267351624751,0.026,0.066,1.56505352898403e-06,"down"
"LINC01420",3.26263149001229e-11,0.799649468225842,0.123,0.072,1.59813478275272e-06,"ns"
"RP11-166D19.1",3.30965986859894e-11,0.263447602331162,0.418,0.324,1.62117069343582e-06,"ns"
"VSIR",3.35220007638583e-11,-8.57530867993037,0,0.019,1.64200816341607e-06,"down"
"AC023095.1",3.35220019879336e-11,-8.74798631672984,0,0.019,1.64200822337495e-06,"down"
"SLF2",3.35220025999711e-11,-8.58867157544878,0,0.019,1.64200825335438e-06,"down"
"BTBD9",3.45377890115406e-11,0.304348074945636,0.463,0.375,1.69176451915229e-06,"ns"
"RP11-778J15.1",3.58709710649456e-11,0.81803476923566,0.144,0.09,1.75706777567423e-06,"ns"
"DGKB",3.67772441106077e-11,0.385731274405739,0.247,0.173,1.8014597482699e-06,"ns"
"RP3-399L15.3",3.90150314860169e-11,0.711023769963631,0.143,0.088,1.91107328727957e-06,"ns"
"TFRC",3.96812108343097e-11,1.27865163196716,0.22,0.162,1.94370475029699e-06,"up"
"DMD",4.1760568780449e-11,0.297139972430956,0.479,0.396,2.04555794057273e-06,"ns"
"CH17-189H20.1",4.36138133309432e-11,0.653871828693708,0.192,0.131,2.13633541838959e-06,"ns"
"CASTOR3",4.61702136849604e-11,-8.61432887064931,0,0.019,2.26155557693042e-06,"down"
"NSD2",4.61702145278899e-11,-8.54669849846794,0,0.019,2.26155561821963e-06,"down"
"AZIN1-AS1",4.61702145278899e-11,-8.62464686114949,0,0.019,2.26155561821963e-06,"down"
"MOSMO",4.61702145278899e-11,-8.55617101402362,0,0.019,2.26155561821963e-06,"down"
"PTPN4",4.79071746289592e-11,0.381223662522773,0.302,0.222,2.34663713485031e-06,"ns"
"COX5B",5.18699757687201e-11,-0.773786707305723,0.115,0.178,2.54074702307922e-06,"ns"
"FRMPD3",5.30006534338395e-11,-1.45923560386889,0.018,0.053,2.59613100714976e-06,"down"
"RP11-3B12.2",5.50665623907386e-11,0.917526204503383,0.158,0.103,2.69732542558555e-06,"ns"
"LHX4-AS1",5.83043616386608e-11,0.656326346908398,0.205,0.143,2.85592254614652e-06,"ns"
"PPM1K",6.0290860983833e-11,0.423766095546571,0.23,0.16,2.95322724357109e-06,"ns"
"PI4KAP1",6.049389170371e-11,1.85546618278207,0.032,0.009,2.96317229732283e-06,"up"
"AC125613.1",6.35899736629618e-11,-8.72334109331468,0,0.019,3.11482767993286e-06,"down"
"ATP5MF",6.35899759848072e-11,-8.39796890320681,0,0.019,3.11482779366381e-06,"down"
"RPL17",6.35899771457292e-11,-8.4924409840961,0,0.019,3.11482785052925e-06,"down"
"RP11-553L6.5",6.87532902928976e-11,0.641198144672084,0.215,0.153,3.367742418417e-06,"ns"
"BHLHE40",6.96402436314551e-11,-1.02411059696945,0.066,0.118,3.41118805379957e-06,"down"
"ADD3",7.09340673127606e-11,0.223514193958418,0.609,0.51,3.47456341918095e-06,"ns"
"RFX2",7.52380537288348e-11,0.403733915168673,0.269,0.197,3.68538558579951e-06,"ns"
"HIBCH",7.54825367794113e-11,0.344232029379865,0.387,0.302,3.6973610990659e-06,"ns"
"STON2",7.57063136725271e-11,0.29541875149238,0.479,0.388,3.7083223626214e-06,"ns"
"PHLDB1",7.73017395436259e-11,-0.852256234085639,0.108,0.168,3.78647110806543e-06,"ns"
"PALLD",7.78904788247834e-11,0.297623970151877,0.403,0.311,3.81530932427437e-06,"ns"
"CYFIP2",7.85378997377662e-11,0.313330673978952,0.323,0.241,3.847021942855e-06,"ns"
"FAM20C",8.2855086087023e-11,-1.42303261684566,0.043,0.087,4.05849068180065e-06,"down"
"LYPD6",8.70153313294038e-11,0.641304694476531,0.128,0.076,4.26227197450819e-06,"ns"
"CERT1",8.75813052581369e-11,-8.50618915325678,0,0.019,4.28999507545932e-06,"down"
"ARFGEF3",8.75813068570122e-11,-8.50876204987386,0,0.019,4.28999515377703e-06,"down"
"AL157396.1",8.75813068570122e-11,-8.66286586658449,0,0.019,4.28999515377703e-06,"down"
"PCNX4",8.75813084558885e-11,-8.64811688752377,0,0.019,4.28999523209478e-06,"down"
"SPON1",9.07215691831328e-11,0.244542029029127,0.515,0.415,4.44381462329739e-06,"ns"
"RP4-717I23.3",9.25689771882403e-11,0.345024208328167,0.331,0.25,4.53430620961157e-06,"ns"
"ASTN2",9.38105133578528e-11,0.237891461972769,0.507,0.416,4.59512037580771e-06,"ns"
"ATP2C1",1.00439547772156e-10,0.293655088046093,0.405,0.321,4.91983036852351e-06,"ns"
"EFNA1",1.02059010821656e-10,-1.41544330565068,0.015,0.046,4.99915652707719e-06,"down"
"CICP27",1.05872436968932e-10,2.49033470924957,0.028,0.007,5.18594958004918e-06,"up"
"CEP152",1.12154511797062e-10,1.05914487230811,0.078,0.039,5.49366445135548e-06,"up"
"FGFR2",1.1243061159871e-10,-0.480461630370239,0.405,0.464,5.50718864793959e-06,"ns"
"CHST11",1.16129185697768e-10,0.318230649025041,0.391,0.308,5.68835590303376e-06,"ns"
"CCND3",1.1724200682569e-10,0.47660009249362,0.181,0.119,5.74286522034277e-06,"ns"
"DAB2IP",1.1902780703071e-10,-0.863511235075582,0.079,0.134,5.83033907178526e-06,"ns"
"ERC1",1.1906561092488e-10,0.346912700319824,0.373,0.295,5.83219081993341e-06,"ns"
"AC234582.1",1.20623347015118e-10,-8.56453246862704,0,0.018,5.90849340684154e-06,"down"
"AC074032.1",1.20623349217169e-10,-8.41204901856482,0,0.018,5.90849351470458e-06,"down"
"AL049828.1",1.20623349217169e-10,-8.60734308571669,0,0.018,5.90849351470458e-06,"down"
"DYNC2H1",1.25179994601844e-10,0.313810990773935,0.336,0.255,6.13169167558214e-06,"ns"
"ZHX3",1.29030152669852e-10,0.250030409133544,0.576,0.481,6.32028396822736e-06,"ns"
"MTHFD2L",1.29299828321942e-10,0.643759714202796,0.153,0.098,6.33349349069369e-06,"ns"
"LACE1",1.36108084060016e-10,0.538499612110863,0.175,0.116,6.66698228151178e-06,"ns"
"CDH2",1.37460576782067e-10,0.259836349793199,0.429,0.336,6.733231432516e-06,"ns"
"RP11-94P11.4",1.57976961877232e-10,1.17187076868648,0.065,0.03,7.73818552363243e-06,"up"
"RP11-420A23.1",1.63808102929e-10,0.796105433043808,0.103,0.058,8.02381230577121e-06,"ns"
"TMEM205",1.64772734604348e-10,-5.69248219321639,0.001,0.02,8.07106285912478e-06,"down"
"MT1F",1.66130654222652e-10,-8.56515241962308,0,0.018,8.13757783578815e-06,"down"
"VPS35L",1.66130663321018e-10,-8.47324932843854,0,0.018,8.1375782814534e-06,"down"
"AC110023.1",1.66130666353807e-10,-8.54387947415223,0,0.018,8.13757843000853e-06,"down"
"SELENOO",1.66130666353807e-10,-8.46449393748946,0,0.018,8.13757843000853e-06,"down"
"ZNF655",1.66130669386596e-10,-8.33479099789729,0,0.018,8.13757857856365e-06,"down"
"LINC02062",1.66130669386596e-10,-8.58343316380454,0,0.018,8.13757857856365e-06,"down"
"SEM1",1.66130669386596e-10,-8.4573135612268,0,0.018,8.13757857856365e-06,"down"
"PRDX2",1.66130669386596e-10,-8.44770459623973,0,0.018,8.13757857856365e-06,"down"
"TRAK1",1.77605639719999e-10,0.278735426688639,0.429,0.344,8.69965705040473e-06,"ns"
"ALDH1A1",1.9968985826488e-10,0.313891541361773,0.53,0.442,9.7814083273886e-06,"ns"
"SCLT1",2.00578681444136e-10,0.408700273213641,0.268,0.196,9.82494555317811e-06,"ns"
"LRP4",2.11394739339182e-10,0.221525351058654,0.679,0.555,1.03547485170511e-05,"ns"
"INTS11",2.28806320890222e-10,-8.67141396664397,0,0.018,1.12076200161658e-05,"down"
"AL645568.1",2.28806320890222e-10,-8.45562201701777,0,0.018,1.12076200161658e-05,"down"
"AL022068.1",2.28806320890222e-10,-8.43277597631855,0,0.018,1.12076200161658e-05,"down"
"ACTN1",2.29521884749874e-10,-1.04710904273845,0.039,0.081,1.12426704807031e-05,"down"
"RAPGEF6",2.33141354219382e-10,-2.463360722829,0.01,0.037,1.1419962953728e-05,"down"
"PKNOX2",2.41731962552608e-10,-0.962065844488233,0.088,0.142,1.18407567217144e-05,"ns"
"YY1AP1",2.45492749075921e-10,-1.17500133252499,0.052,0.098,1.20249713279858e-05,"down"
"ZFY",2.61804255024136e-10,1.2516199257215,0.046,0.018,1.28239578238472e-05,"up"
"MLLT4",2.63045637369928e-10,0.350049216080522,0.255,0.184,1.28847644552912e-05,"ns"
"DOPEY1",2.70460881243909e-10,0.581311979601173,0.182,0.124,1.32479853459704e-05,"ns"
"ARHGAP32",2.85531419551277e-10,0.229888168133412,0.496,0.403,1.39861855238802e-05,"ns"
"RORB",3.0892068217269e-10,0.225093093333693,0.585,0.49,1.51318617748649e-05,"ns"
"HSPA4L",3.10817169976851e-10,0.672635155990848,0.108,0.062,1.52247574369761e-05,"ns"
"NKAIN3",3.11900168064108e-10,0.130310614152112,0.871,0.77,1.52778059322842e-05,"ns"
"RPL26",3.15128264828751e-10,-8.56381934424423,0,0.017,1.54359277961067e-05,"down"
"PPP4R3B",3.15128270581636e-10,-8.46964485749381,0,0.017,1.54359280779003e-05,"down"
"AC107398.3",3.15128270581636e-10,-8.41588462148822,0,0.017,1.54359280779003e-05,"down"
"PSD3",3.3620834779583e-10,-0.315711003074859,0.688,0.705,1.64684935000831e-05,"ns"
"NDUFA13",3.45632401319744e-10,-2.0186792333997,0.015,0.045,1.6930111913845e-05,"down"
"MOB1B",3.50304385494203e-10,0.671789373385346,0.12,0.072,1.71589597146625e-05,"ns"
"HULC",3.75272863865884e-10,-3.2463730804323,0.004,0.027,1.83819906907426e-05,"down"
"YAF2",4.0002738250933e-10,0.427641166655624,0.213,0.148,1.95945412774545e-05,"ns"
"ATP5E",4.2586087207793e-10,0.277693391664036,0.29,0.214,2.08599430969933e-05,"ns"
"AC021231.1",4.34019561211639e-10,-8.59040362857011,0,0.017,2.12595801668297e-05,"down"
"SNORC",4.34019569135144e-10,-8.41402451493684,0,0.017,2.12595805549468e-05,"down"
"AC009163.1",4.34019569135144e-10,-8.55080257617601,0,0.017,2.12595805549468e-05,"down"
"AC084198.2",4.34019577058652e-10,-8.45457116399294,0,0.017,2.1259580943064e-05,"down"
"AC027117.2",4.34019577058652e-10,-8.35499691844723,0,0.017,2.1259580943064e-05,"down"
"MXD1",4.43168695421512e-10,0.368804291810001,0.108,0.063,2.17077322078319e-05,"ns"
"AMZ2",4.61701702407474e-10,0.437529104451122,0.176,0.117,2.26155344890253e-05,"ns"
"RDH11",4.80995151189029e-10,-1.89377681943142,0.02,0.052,2.35605854906922e-05,"down"
"PLEKHA7",4.81986017178408e-10,0.334281048506442,0.312,0.238,2.360912107945e-05,"ns"
"WARS",4.9138502038244e-10,-1.55175501850204,0.037,0.076,2.4069512453393e-05,"down"
"AP000462.1",5.51500396705601e-10,-4.42304270404861,0.001,0.02,2.70141439318305e-05,"down"
"SPG20",5.55378214090474e-10,0.655563795612356,0.15,0.098,2.72040910607937e-05,"ns"
"TBCK",5.75931089919732e-10,0.306034001274087,0.307,0.231,2.82108325775382e-05,"ns"
"AC005154.6",5.78538597699502e-10,0.632629516663709,0.163,0.108,2.83385561311147e-05,"ns"
"MAP4K3-DT",5.97771696274458e-10,-8.38973182772233,0,0.017,2.92806509986118e-05,"down"
"MTREX",5.97771696274458e-10,-8.22360849149405,0,0.017,2.92806509986118e-05,"down"
"AC093865.1",5.97771707187811e-10,-8.53888207965861,0,0.017,2.92806515331805e-05,"down"
"NPHP3",5.97771707187811e-10,-8.46485153461113,0,0.017,2.92806515331805e-05,"down"
"PTPA",5.97771707187811e-10,-8.55334400342291,0,0.017,2.92806515331805e-05,"down"
"ADGRL1",5.97771707187811e-10,-8.39977807027131,0,0.017,2.92806515331805e-05,"down"
"RP11-210M15.2",6.1502141849805e-10,1.07022566193402,0.063,0.029,3.012559414229e-05,"up"
"ETV6",6.31428207720866e-10,-0.712572394337772,0.186,0.249,3.09292478987912e-05,"ns"
"FN1",6.58239438890278e-10,-0.949950187284302,0.081,0.133,3.22425424351625e-05,"ns"
"OSMR",6.61500111251748e-10,-1.07998286955558,0.048,0.092,3.24022599494444e-05,"down"
"FGD4",6.77557446152751e-10,0.299584149393927,0.441,0.362,3.31887963849002e-05,"ns"
"ANK2",6.8273623135912e-10,0.165742717080289,0.87,0.801,3.34424688206638e-05,"ns"
"C1RL",6.96790789721738e-10,-1.06406259631083,0.023,0.057,3.41309032529399e-05,"down"
"RP11-692D12.1",7.32513853997257e-10,0.482463525719757,0.191,0.132,3.58807261103476e-05,"ns"
"MT-ND4L",7.49339125856947e-10,0.588404337526515,0.142,0.09,3.67048784018508e-05,"ns"
"PDE8A",7.85423164678428e-10,0.430727484316035,0.25,0.184,3.84723828754434e-05,"ns"
"GLI2",7.98281783941755e-10,-0.72849799039018,0.103,0.16,3.9102236622819e-05,"ns"
"CTD-2215E18.1",8.20808667680731e-10,0.706586626709077,0.145,0.094,4.02056709690052e-05,"ns"
"AC015983.2",8.23316916234553e-10,-8.33028063456816,0,0.017,4.03285325079171e-05,"down"
"MFSD14C",8.23316916234553e-10,-8.41730730491536,0,0.017,4.03285325079171e-05,"down"
"AL157392.3",8.23316916234553e-10,-8.48764874110811,0,0.017,4.03285325079171e-05,"down"
"ATP5IF1",8.23316931266299e-10,-8.35785926347325,0,0.017,4.03285332442171e-05,"down"
"NUP42",8.23316931266299e-10,-8.31807188413781,0,0.017,4.03285332442171e-05,"down"
"TOGARAM1",8.23316946298045e-10,-8.34845677953128,0,0.017,4.03285339805171e-05,"down"
"RPS20P14",8.93804578778969e-10,0.722638131395859,0.113,0.067,4.37812296823302e-05,"ns"
"MRVI1",9.07879183556764e-10,-0.911688625243564,0.199,0.257,4.4470646048161e-05,"ns"
"AUTS2",9.1286940494623e-10,0.208326004758015,0.748,0.664,4.47150820624812e-05,"ns"
"ENO1",1.02975933532151e-09,-0.554998854123365,0.286,0.35,5.04407015220536e-05,"ns"
"LINC01727",1.13398167700314e-09,-8.5245668224741,0,0.016,5.55458244846448e-05,"down"
"DIPK2A",1.13398169770805e-09,-8.35109876749222,0,0.016,5.55458254988332e-05,"down"
"HNRNPA1",1.13398169770805e-09,-8.36756072151572,0,0.016,5.55458254988332e-05,"down"
"ELOB",1.13398171841296e-09,-8.31685101839421,0,0.016,5.55458265130218e-05,"down"
"WAPL",1.13398173911786e-09,-8.38906764581239,0,0.016,5.55458275272099e-05,"down"
"MINDY2",1.13398173911786e-09,-8.40389376736591,0,0.016,5.55458275272099e-05,"down"
"AC012404.1",1.13398173911786e-09,-8.19760201311983,0,0.016,5.55458275272099e-05,"down"
"LINC01503",1.16567751451029e-09,-3.05532737164619,0.004,0.024,5.70983816932575e-05,"down"
"RP11-120J1.1",1.37668367675929e-09,0.644304179949367,0.152,0.099,6.74340965387004e-05,"ns"
"BMP2K",1.50806419311536e-09,0.225205154879507,0.482,0.389,7.38695083713696e-05,"ns"
"CHCHD2",1.5100077182255e-09,-0.683962163276152,0.099,0.155,7.39647080618396e-05,"ns"
"MMD2",1.51656065277402e-09,-0.402189954364142,0.515,0.57,7.42856904548296e-05,"ns"
"ZNF544",1.52510956524945e-09,-5.86488462059388,0.001,0.018,7.47044418346138e-05,"down"
"PIK3R1",1.53523650962902e-09,0.259996568460189,0.302,0.226,7.52004899511581e-05,"ns"
"TLE1",1.54505587218582e-09,0.32543669236821,0.265,0.195,7.5681471787278e-05,"ns"
"MKNK2",1.55830033797233e-09,0.645237257989504,0.101,0.058,7.63302254548988e-05,"ns"
"MIR29B2CHG",1.56190305971566e-09,-8.19011040154111,0,0.016,7.6506697574052e-05,"down"
"ABHD18",1.56190311675594e-09,-8.3900064932843,0,0.016,7.65067003680564e-05,"down"
"AC119673.2",1.56190314527609e-09,-8.31205464579671,0,0.016,7.65067017650587e-05,"down"
"FAM198B-AS1",1.56190314527609e-09,-8.44419760919473,0,0.016,7.65067017650587e-05,"down"
"AC113414.1",1.56190314527609e-09,-8.65464422827482,0,0.016,7.65067017650587e-05,"down"
"ATP5F1A",1.56190314527609e-09,-8.49058133888428,0,0.016,7.65067017650587e-05,"down"
"RTL8C",1.56190314527609e-09,-8.31202958641059,0,0.016,7.65067017650587e-05,"down"
"RP11-946L20.4",1.5845013971204e-09,0.659615600716167,0.14,0.091,7.76136319351486e-05,"ns"
"RPL21",1.6643996379271e-09,-1.94026343552027,0.026,0.06,8.15272874645834e-05,"down"
"KIAA0319",1.69817307618991e-09,0.308645972808499,0.261,0.191,8.31816117910104e-05,"ns"
"RPL36A",1.75596508814721e-09,-3.43590312295185,0.003,0.022,8.60124379127148e-05,"down"
"CDC14A",1.75869928544941e-09,0.378146307438673,0.291,0.222,8.61463670991684e-05,"ns"
"SLC26A3",1.77435329686294e-09,0.177670162679483,0.552,0.444,8.69131475402372e-05,"ns"
"EPHX1",1.84921608032568e-09,0.453727887988102,0.217,0.157,9.05801512625926e-05,"ns"
"PLD2",1.9245827917392e-09,-1.02718711545285,0.048,0.09,9.42718388877612e-05,"down"
"ADRBK2",2.07670477823182e-09,0.61145163813046,0.164,0.111,0.000101723230152129,"ns"
"RP11-511B23.2",2.07674389253019e-09,1.12255412333887,0.078,0.042,0.000101725146087806,"up"
"TLE5",2.15135936974775e-09,-8.44344885568067,0,0.016,0.000105380036008354,"down"
"PSMA3-AS1",2.15135940903455e-09,-8.11630375761665,0,0.016,0.00010538003793274,"down"
"MIGA1",2.15135944832136e-09,-8.18691146593765,0,0.016,0.000105380039857125,"down"
"PILRB",2.15135944832136e-09,-8.41274872175329,0,0.016,0.000105380039857125,"down"
"PUM3",2.15135944832136e-09,-8.36699061776562,0,0.016,0.000105380039857125,"down"
"ATP5F1D",2.15135944832136e-09,-8.37265570813036,0,0.016,0.000105380039857125,"down"
"LINC00278",2.15523920163171e-09,0.715262946443128,0.079,0.041,0.000105570081813526,"ns"
"TMX2",2.21892889679851e-09,-5.34446081562332,0,0.017,0.000108689794151881,"down"
"C10orf10",2.23059787280671e-09,-1.93633841654394,0.006,0.029,0.000109261375603691,"down"
"ADK",2.26092096880063e-09,0.32378447130422,0.331,0.258,0.000110746691814761,"ns"
"FXR1",2.29742820573154e-09,0.406542537767927,0.211,0.149,0.000112534925801348,"ns"
"RP11-298J20.4",2.35474203560566e-09,0.812582133212108,0.093,0.053,0.000115342329130072,"ns"
"RP4-565E6.1",2.37078748228813e-09,0.866039717667746,0.1,0.059,0.000116128283244919,"ns"
"ZNF665",2.41993970304614e-09,0.868180729651302,0.102,0.06,0.000118535906474309,"ns"
"AC253572.1",2.49215514191897e-09,1.15183917523533,0.051,0.023,0.000122073235316617,"up"
"BCOR",2.50827358700743e-09,0.425276180521177,0.311,0.243,0.000122862765112385,"ns"
"CFL1",2.51729700409027e-09,-0.721495911648574,0.122,0.18,0.000123304759151353,"ns"
"MALAT1.1",2.53290407744922e-09,1.06650202179241,0.063,0.031,0.000124069240425695,"up"
"MTERF1",2.61645456405887e-09,0.500880730252529,0.181,0.125,0.000128161793911296,"ns"
"RP11-275H4.1",2.621639199841e-09,-1.7409737280862,0.018,0.048,0.000128415752925812,"down"
"RPL18",2.64225945314309e-09,-0.766082669680038,0.077,0.126,0.000129425794793308,"ns"
"PDK4",2.8805049719836e-09,0.28946883445525,0.171,0.115,0.000141095775042673,"ns"
"SUZ12P1",2.89841009149604e-09,0.34171344717706,0.334,0.266,0.000141972821511751,"ns"
"HNRNPU-AS1",2.91805400832378e-09,0.86302711362403,0.097,0.057,0.000142935039489724,"ns"
"FUT8",2.9580682264973e-09,0.257449691694556,0.461,0.377,0.000144895055938517,"ns"
"SELENOF",2.96336123393915e-09,-8.17171435210795,0,0.016,0.000145154323322041,"down"
"COPS9",2.96336123393915e-09,-8.25388448699963,0,0.016,0.000145154323322041,"down"
"AC138627.1",2.96336123393915e-09,-8.3186651793262,0,0.016,0.000145154323322041,"down"
"KIAA1468",3.01997477983028e-09,0.606622138140989,0.176,0.122,0.000147927424640427,"ns"
"ZNF37BP",3.2002027162367e-09,0.229410026619041,0.341,0.265,0.000156755529649422,"ns"
"MSRA",3.50438800587768e-09,-0.518244933787985,0.292,0.357,0.000171655437691906,"ns"
"MYEOV2",3.53188790172311e-09,0.378167660627309,0.17,0.114,0.000173002465090103,"ns"
"KCTD1",3.60145297306891e-09,0.450563745567313,0.155,0.103,0.000176409970979835,"ns"
"MGAT4C",3.65183210115912e-09,0.157598050546693,0.702,0.597,0.000178877691811077,"ns"
"ZFHX4",3.78576284834499e-09,0.182936350733937,0.502,0.408,0.000185438021600483,"ns"
"STRADA",3.79117949052934e-09,-4.20098660979083,0.002,0.02,0.000185703344984598,"down"
"NAV1",3.94658321677562e-09,-0.46994210015286,0.356,0.418,0.00019331548570732,"ns"
"ANKRD36",4.05711358147732e-09,0.382089519758458,0.214,0.153,0.000198729594561504,"ns"
"FTO",4.07543340411672e-09,0.253954681441431,0.388,0.31,0.000199626954433849,"ns"
"AL513217.1",4.08198060011429e-09,-8.50361489261756,0,0.015,0.000199947655735398,"down"
"AC079385.1",4.08198060011429e-09,-8.22921180205048,0,0.015,0.000199947655735398,"down"
"LINC01896",4.08198060011429e-09,-8.28348563039879,0,0.015,0.000199947655735398,"down"
"NDUFB8",4.08198067467253e-09,-8.22367538987375,0,0.015,0.000199947659387485,"down"
"AC079760.1",4.08198067467253e-09,-8.1967367025476,0,0.015,0.000199947659387485,"down"
"LCN12",4.08198067467253e-09,-8.45913728731991,0,0.015,0.000199947659387485,"down"
"EMSY",4.08198067467253e-09,-8.33323395355012,0,0.015,0.000199947659387485,"down"
"ZNF875",4.08198067467253e-09,-8.22273770619971,0,0.015,0.000199947659387485,"down"
"RBMX",4.0911382339126e-09,0.241983971957377,0.391,0.313,0.000200396224111741,"ns"
"PARD3B",4.28929113416266e-09,0.193443799493409,0.726,0.641,0.00021010234762469,"ns"
"GUSBP1",4.30924869908269e-09,0.457440293066612,0.268,0.206,0.000211079929027167,"ns"
"MYO1E",4.32693407937622e-09,-0.863363628643284,0.087,0.137,0.000211946212010086,"ns"
"ZNF331",4.34148374879877e-09,0.896126672262989,0.118,0.074,0.00021265889846741,"ns"
"LARGE",4.38446634012804e-09,0.32850696860221,0.312,0.244,0.000214764314738492,"ns"
"TOB1",4.46334178900665e-09,0.519614807452414,0.111,0.067,0.000218627870850913,"ns"
"LCOR",4.67165214553985e-09,0.415133802443002,0.255,0.192,0.000228831537044979,"ns"
"DNAJB1",4.98916842292102e-09,0.4370322835873,0.117,0.072,0.00024438443685994,"ns"
"CD63",5.0825079616047e-09,-0.737090566357986,0.166,0.226,0.000248956487483283,"ns"
"MAP7",5.23436457777541e-09,0.340097047351493,0.263,0.195,0.000256394880113173,"ns"
"FAM184A",5.55646495904955e-09,0.284814927552991,0.5,0.421,0.000272172323089124,"ns"
"ODR4",5.62307776704337e-09,-8.18089098482066,0,0.015,0.000275435218263085,"down"
"SELENOI",5.6230779724829e-09,-8.22112432931495,0,0.015,0.00027543522832613,"down"
"PCNX2",5.62307807520268e-09,-8.20142642315636,0,0.015,0.000275435233357653,"down"
"EEF1G",5.62307807520268e-09,-8.1599999245922,0,0.015,0.000275435233357653,"down"
"POU3F3",5.62307817792250e-09,-8.35275205313273,0,0.015,0.000275435238389178,"down"
"AC092902.4",5.62307817792250e-09,-8.33682766309593,0,0.015,0.000275435238389178,"down"
"AC108519.1",5.62307817792250e-09,-8.25746806931324,0,0.015,0.000275435238389178,"down"
"TUBB4B",5.91972979521634e-09,-1.06998223250029,0.048,0.088,0.000289966124559082,"down"
"TUBB2A",5.99977642496568e-09,-0.830095636405973,0.115,0.167,0.000293887048624094,"ns"
"LYVE1",6.07342511109335e-09,0.912528483035732,0.087,0.049,0.000297494582216685,"ns"
"RERG",6.26967149687663e-09,0.30718814686465,0.395,0.317,0.000307107318931508,"ns"
"ADPGK-AS1",6.56368504179537e-09,-1.32581170491816,0.046,0.085,0.000321508984402263,"down"
"MFHAS1",7.05172035579995e-09,-0.63710889384895,0.228,0.286,0.000345414418188149,"ns"
"KIAA0020",7.19767221927776e-09,0.779092971423825,0.142,0.095,0.000352563578316882,"ns"
"XPR1",7.38516438260132e-09,0.366659502246539,0.281,0.217,0.00036174750695296,"ns"
"PPP4R3A",7.74633589513971e-09,-8.09701540478608,0,0.015,0.000379438771151628,"down"
"CNPY2",7.74633603666654e-09,-8.1485843675726,0,0.015,0.000379438778084037,"down"
"ATP5F1C",7.74633603666654e-09,-8.14195853947228,0,0.015,0.000379438778084037,"down"
"CNTNAP3B",7.75169889697132e-09,0.35714677994047,0.185,0.128,0.000379701467070346,"ns"
"COPE",7.7902262805879e-09,-0.988339902327031,0.052,0.093,0.000381588653902037,"ns"
"NFIL3",8.11864509189128e-09,-2.30335337259102,0.007,0.029,0.000397675592536111,"down"
"MLLT10",8.33794477943144e-09,0.272213210745907,0.362,0.288,0.00040841754913089,"ns"
"LRRC1",8.56333376651694e-09,0.606675812585251,0.145,0.096,0.000419457777885299,"ns"
"NEBL",8.75016476914092e-09,0.136745285926744,0.815,0.731,0.00042860932088683,"ns"
"UQCR11",8.78173437288301e-09,-3.77626326496903,0.003,0.022,0.000430155694786928,"down"
"HSD17B7P2",8.90188642840679e-09,-0.893818546307278,0.076,0.122,0.00043604110292265,"ns"
"FAM208A",9.13224743971112e-09,0.717889584959763,0.11,0.068,0.00044732487633937,"ns"
"MAT2A",9.29223823485683e-09,0.373446402356,0.263,0.198,0.000455161705457992,"ns"
"ANKRD12",9.41542748902469e-09,-0.814839684317507,0.185,0.241,0.000461195884694897,"ns"
"FAM208B",9.8421768531088e-09,0.564385354009147,0.152,0.103,0.000482099348795828,"ns"
"PDE5A",9.90351519315551e-09,0.5003573176326,0.243,0.185,0.000485103884706336,"ns"
"MVD",1.04345188996747e-08,-0.964409011403601,0.073,0.118,0.000511114039262767,"ns"
"ATP5MG",1.06718542511652e-08,-8.23062043436366,0,0.014,0.000522739436784823,"down"
"PFKFB2",1.06718544461731e-08,-8.23096986322512,0,0.014,0.000522739446336895,"down"
"SMIM29",1.06718544461731e-08,-8.0257423323663,0,0.014,0.000522739446336895,"down"
"AL354740.1",1.06718544461731e-08,-8.33229005229322,0,0.014,0.000522739446336895,"down"
"PHPT1",1.06718544461731e-08,-8.06144562010769,0,0.014,0.000522739446336895,"down"
"AC005670.3",1.06718544461731e-08,-8.16840479722322,0,0.014,0.000522739446336895,"down"
"VPS50",1.06718546411809e-08,-8.2863324349064,0,0.014,0.000522739455888964,"down"
"ATP5MC2",1.06718546411809e-08,-8.154960109781,0,0.014,0.000522739455888964,"down"
"AC026188.1",1.07506145039914e-08,0.78413716478359,0.092,0.054,0.00052659735024901,"ns"
"USP3",1.1262985951587e-08,0.439905040095811,0.214,0.156,0.000551694840866588,"ns"
"H3F3B",1.16487288309796e-08,-0.687299919312437,0.145,0.2,0.000570589684327872,"ns"
"IPO9-AS1",1.16600795762957e-08,-0.725780265052677,0.142,0.197,0.000571145677885693,"ns"
"TRIM47",1.20056790792994e-08,-1.01048836015654,0.058,0.1,0.000588074178341324,"down"
"ZNF462",1.26397522704063e-08,0.303491923542219,0.315,0.246,0.00061913298546131,"ns"
"RNASEK",1.28006861465658e-08,-3.39529588390532,0.004,0.022,0.000627016009517231,"down"
"RP11-115J16.2",1.29963770058925e-08,1.3387275375945,0.055,0.027,0.000636601534879632,"up"
"SNAP25",1.39781238755166e-08,-0.666585891180546,0.315,0.367,0.000684690441794432,"ns"
"MAP4K5",1.40010586760298e-08,0.27466960099963,0.327,0.256,0.000685813857127968,"ns"
"GLIS3",1.41651398645604e-08,0.105239712851503,0.716,0.634,0.00069385104598576,"ns"
"FHIT",1.45627520497202e-08,0.201949283009887,0.718,0.651,0.000713327283651443,"ns"
"ITPRID2",1.47030441110843e-08,-8.17420063770456,0,0.014,0.000720199209693243,"down"
"MICOS10",1.47030443798025e-08,-8.02136553922852,0,0.014,0.000720199222855866,"down"
"SGO1-AS1",1.47030443798025e-08,-8.40327479989209,0,0.014,0.000720199222855866,"down"
"HAGHL",1.47030446485208e-08,-8.18550446077055,0,0.014,0.000720199236018492,"down"
"ATP5PF",1.47030446485208e-08,-8.27892576454631,0,0.014,0.000720199236018492,"down"
"SESN3",1.48523415901784e-08,0.282777481710215,0.281,0.215,0.000727512248111708,"ns"
"ZNF516",1.52389676811907e-08,0.317567981328349,0.222,0.162,0.000746450353927762,"ns"
"NFE2L2",1.53196155295872e-08,0.343212870358863,0.29,0.226,0.00075040072748577,"ns"
"LL22NC03-2H8.5",1.56988318353048e-08,0.668563378418582,0.077,0.042,0.000768975879788733,"ns"
"ATP11A",1.59037758373508e-08,-0.952646794306981,0.06,0.103,0.000779014651840953,"ns"
"LINC01473",1.63512028312198e-08,-1.1416317474792,0.108,0.155,0.00080093096828164,"down"
"RP5-857K21.4",1.63863236013847e-08,0.753968836784589,0.093,0.055,0.000802651288966626,"ns"
"CTNND2",1.64886701298436e-08,0.119769227723538,0.97,0.935,0.000807664528970131,"ns"
"KCND3",1.6510561862687e-08,-0.751882879916885,0.099,0.149,0.00080873685172,"ns"
"TTC28",1.68693240020367e-08,0.215633993500347,0.551,0.467,0.000826310097591766,"ns"
"SLC44A3",1.70236330218453e-08,-0.862274259633691,0.057,0.099,0.000833868616309048,"ns"
"PTPLB",1.70885804799261e-08,0.724267102189639,0.088,0.051,0.000837049937648221,"ns"
"KCNIP1",1.71375032227074e-08,-0.547667050485122,0.15,0.21,0.000839446320357875,"ns"
"APOL6",1.7799205328943e-08,-1.06474361591925,0.028,0.06,0.000871858474627614,"down"
"AC007193.10",1.82061256230064e-08,0.75573833038083,0.107,0.066,0.000891790651391724,"ns"
"HRSP12",1.83693587997197e-08,0.606356248483124,0.099,0.06,0.000899786302086672,"ns"
"NEGR1",1.84454336450129e-08,0.248930218630746,0.382,0.307,0.000903512676233666,"ns"
"ZFP36L2",1.85454260845892e-08,-0.814604221455851,0.081,0.127,0.000908410605901432,"ns"
"LMNTD1",1.92594091481077e-08,0.705343079374196,0.075,0.041,0.000943383638301758,"ns"
"SEPW1",1.94327846608512e-08,0.257565223220252,0.294,0.229,0.000951876091042474,"ns"
"RP11-106M3.2",1.95012617597926e-08,0.479597167628558,0.182,0.129,0.000955230304779921,"ns"
"C15orf41",1.97349386472417e-08,0.611895510825458,0.125,0.08,0.000966676499757843,"ns"
"SELENOT",2.02582080128831e-08,-7.98901427574033,0,0.014,0.000992307803095054,"down"
"PPP2CA",2.02582080128831e-08,-8.26261861658751,0,0.014,0.000992307803095054,"down"
"AFG1L",2.02582080128831e-08,-8.15740143335945,0,0.014,0.000992307803095054,"down"
"AC013643.2",2.02582080128831e-08,-8.13110793708332,0,0.014,0.000992307803095054,"down"
"HDGFL3",2.02582083832028e-08,-8.13663099774554,0,0.014,0.000992307821234423,"down"
"CCNL1",2.02866380626899e-08,-0.882243692552054,0.091,0.139,0.000993700392224742,"ns"
"CTD-2541M15.1",2.03995957489063e-08,0.72755922181661,0.085,0.048,0.000999233398568676,"ns"
"ACTB",2.07679765477463e-08,-0.575432179228789,0.35,0.403,0.00101727779523826,"ns"
"PAX6",2.08420468660768e-08,0.484167208246862,0.181,0.128,0.00102090598164104,"ns"
"PQLC1",2.14829296108329e-08,0.69157944463992,0.097,0.058,0.00105229834112743,"ns"
"RP11-281A20.2",2.16072045670164e-08,0.599863968920601,0.158,0.109,0.00105838570130616,"ns"
"HS3ST3A1",2.21709099754529e-08,0.680438941500942,0.089,0.051,0.00108599768332761,"ns"
"LINC01314",2.27884957217452e-08,0.499408796346821,0.139,0.092,0.00111624888593824,"ns"
"BAZ2B",2.35437939518806e-08,0.197262627466914,0.661,0.579,0.00115324565914497,"ns"
"RP11-864N7.2",2.38314506601646e-08,0.368814481769448,0.153,0.103,0.00116733594768684,"ns"
"TMEM108",2.52984525439319e-08,0.188477272709972,0.405,0.323,0.00123919410095942,"ns"
"PTPN9",2.57497857189419e-08,-0.856551484327329,0.109,0.159,0.00126130175387093,"ns"
"KRTCAP2",2.62852510577784e-08,-3.01716972752068,0.005,0.025,0.00128753045256316,"down"
"TLN2",2.69846036546005e-08,0.346275958843864,0.207,0.149,0.00132178684081329,"ns"
"RP11-815J21.4",2.728015491926e-08,-1.38390289632935,0.013,0.038,0.00133626382841011,"down"
"RBM27",2.79141177288078e-08,-7.99424256214899,0,0.014,0.00136731722871019,"down"
"LRMDA",2.79141192599507e-08,-8.29411009774987,0,0.014,0.00136731730371016,"down"
"NGRN",2.79141192599507e-08,-8.14507919185087,0,0.014,0.00136731730371016,"down"
"RN7SK",2.79680262514619e-08,1.60634041981324,0.026,0.008,0.00136995782987536,"up"
"GRAMD1C",2.82609235685584e-08,0.2733490729451,0.386,0.318,0.0013843048191587,"ns"
"RGS16",2.84722625122782e-08,-1.51136317953545,0.024,0.053,0.00139465683463892,"down"
"WASF3",2.8477087639983e-08,0.251236350737688,0.347,0.274,0.00139489318386929,"ns"
"NDUFA11",2.86012173909449e-08,-5.47139520822123,0,0.015,0.00140097343146065,"down"
"RPL9",2.8739472660096e-08,-1.82838151219989,0.01,0.033,0.00140774558930948,"down"
"MED15",2.90095275601318e-08,-0.734370881662493,0.092,0.141,0.00142097368847794,"ns"
"FHOD3",2.98566793760462e-08,0.277679474815965,0.274,0.207,0.00146246972587687,"ns"
"CCDC144CP",2.9985861984828e-08,0.531146361829838,0.146,0.099,0.00146879747760283,"ns"
"RP11-696N14.1",3.02918536119181e-08,0.977886502568015,0.054,0.026,0.00148378586547258,"ns"
"CAMKMT",3.03827779779009e-08,0.237591285393122,0.356,0.286,0.00148823961369152,"ns"
"RP11-583F2.1",3.15400543554743e-08,1.01940097639256,0.052,0.024,0.0015449264824942,"up"
"RP11-34P1.2",3.17724803386671e-08,0.507534683705457,0.142,0.095,0.00155631140442893,"ns"
"TTN-AS1",3.17986724965578e-08,0.412360863016201,0.239,0.179,0.00155759437489889,"ns"
"LRRC37A3",3.31836828565022e-08,0.336172940296214,0.193,0.137,0.00162543633736005,"ns"
"C9orf153",3.45844557797251e-08,0.798804940732204,0.056,0.027,0.00169405039745827,"ns"
"DDX3Y",3.54500907346513e-08,0.279115795291932,0.056,0.027,0.00173645179445542,"ns"
"VAV3",3.60956629482368e-08,0.240554311803751,0.371,0.296,0.00176807385819348,"ns"
"PHKG1",3.6497806406904e-08,-0.95040110061195,0.053,0.093,0.00178777205122938,"ns"
"DLG2",3.69440526477258e-08,0.1605503127975,0.852,0.781,0.00180963053084355,"ns"
"LRBA",3.75709017612258e-08,0.318269467751174,0.323,0.256,0.00184033548097012,"ns"
"HAUS7",3.82295419311091e-08,-4.06257814198226,0.001,0.016,0.00187259765241152,"down"
"PAXX",3.84661579203255e-08,-8.1049473490281,0,0.013,0.0018841878134113,"down"
"POLR2H",3.8466158623808e-08,-8.03322975625134,0,0.013,0.00188418784786999,"down"
"CC2D2B",3.84661593272905e-08,-8.05750847421988,0,0.013,0.00188418788232867,"down"
"AL513166.1",3.84661593272905e-08,-8.20124082726925,0,0.013,0.00188418788232867,"down"
"ILRUN",3.84661593272905e-08,-8.17571708019014,0,0.013,0.00188418788232867,"down"
"BMT2",3.84661593272905e-08,-8.0990841164869,0,0.013,0.00188418788232867,"down"
"AC006148.1",3.84661593272905e-08,-8.26621282859889,0,0.013,0.00188418788232867,"down"
"ERO1A",3.84661593272905e-08,-7.98265692519903,0,0.013,0.00188418788232867,"down"
"AL139317.5",3.84661593272905e-08,-7.91544941844229,0,0.013,0.00188418788232867,"down"
"AC245060.5",3.84661593272905e-08,-8.24266329023414,0,0.013,0.00188418788232867,"down"
"AL683813.1",3.84661593272905e-08,-8.05185222260728,0,0.013,0.00188418788232867,"down"
"KCNE4",3.84696945815993e-08,0.838354044263595,0.056,0.028,0.00188436104969048,"ns"
"ARHGAP31",3.94257693589053e-08,0.300212912680122,0.325,0.257,0.00193119246050726,"ns"
"CABLES1",3.98064330182371e-08,0.309422966813458,0.57,0.503,0.00194983850853231,"ns"
"ARFGAP1",4.08229205478999e-08,-0.869080773988747,0.084,0.128,0.00199962911719778,"ns"
"FIGN",4.10002793248619e-08,0.318165637805443,0.351,0.285,0.00200831668216971,"ns"
"PRMT3",4.10925702916552e-08,0.533986071644284,0.125,0.081,0.00201283737059615,"ns"
"FER",4.17613997750262e-08,0.254969048524083,0.405,0.333,0.00204559864518011,"ns"
"PAPOLA",4.398437042496e-08,0.369476949787656,0.163,0.112,0.00215448641652582,"ns"
"RHBDL2",4.52440430181537e-08,-0.889882711913648,0.069,0.112,0.00221618895915822,"ns"
"AKAP12",4.63207075793675e-08,-0.856301517352213,0.153,0.203,0.00226892721936016,"ns"
"RP11-23D24.2",4.63422654548945e-08,0.586167515197723,0.107,0.067,0.0022699831887771,"ns"
"TLCD4",5.30113387838255e-08,-8.02306719162843,0,0.013,0.00259665440764812,"down"
"FAM106A",5.30113397535694e-08,-8.05891712699259,0,0.013,0.00259665445514909,"down"
"AC245297.3",5.30113407233131e-08,-7.90508477060946,0,0.013,0.00259665450265005,"down"
"CDKL3",5.30113407233131e-08,-8.00523063281897,0,0.013,0.00259665450265005,"down"
"AC068888.1",5.30113407233131e-08,-8.00357664050592,0,0.013,0.00259665450265005,"down"
"FDPS",5.47001998092488e-08,-0.546334928520302,0.125,0.179,0.00267937988725644,"ns"
"ABHD3",6.02683535727405e-08,0.448931342937568,0.162,0.113,0.00295212476305355,"ns"
"ZFAND5",6.5635564529317e-08,0.369681384761352,0.259,0.2,0.00321502685733953,"ns"
"AP3B1",6.72177916219971e-08,0.362981613454823,0.251,0.193,0.00329252908702028,"ns"
"VTI1A",6.7314029052924e-08,0.30515262709935,0.331,0.265,0.00329724308509938,"ns"
"THADA",6.98785282418438e-08,0.368597588432398,0.224,0.167,0.00342285994887023,"ns"
"BRE",7.18466005455106e-08,0.279594224842381,0.288,0.226,0.00351926203452075,"ns"
"PACS1",7.2780270810178e-08,0.278395750941771,0.348,0.282,0.00356499600509495,"ns"
"MIA2",7.30629238019206e-08,-7.82650120039866,0,0.013,0.00357884119658947,"down"
"ALDH4A1",7.30629238019206e-08,-8.16556297548027,0,0.013,0.00357884119658947,"down"
"ERF",7.30629238019206e-08,-8.03805001530221,0,0.013,0.00357884119658947,"down"
"MIR3936HG",7.30629251388527e-08,-7.90269617321723,0,0.013,0.00357884126207642,"down"
"VPS13B-DT",7.30629251388527e-08,-8.01260359948514,0,0.013,0.00357884126207642,"down"
"SHLD2",7.30629251388527e-08,-8.12432455022818,0,0.013,0.00357884126207642,"down"
"EXOC6B",7.42300985965775e-08,0.22807800158848,0.463,0.389,0.00363601291955616,"ns"
"SCG3",7.72775045431136e-08,-0.488672767683385,0.335,0.385,0.00378528400503533,"ns"
"JMY",8.04107545535597e-08,0.638906601117529,0.127,0.084,0.00393875999029701,"ns"
"TAPT1-AS1",8.05014059133384e-08,0.26226391443482,0.286,0.221,0.00394320036585306,"ns"
"RPL34P18",8.317399576118e-08,0.411758329597401,0.141,0.096,0.00407411183436988,"ns"
"AC016739.2",8.56852665385299e-08,0.429938997285394,0.199,0.146,0.00419712141085681,"ns"
"COX10",8.69548484937686e-08,0.742956969850046,0.07,0.039,0.00425930934377027,"ns"
"KIAA1958",8.73546517569709e-08,0.307647918243921,0.357,0.288,0.00427889290701171,"ns"
"TTTY10",8.7449551652502e-08,0.703624078797318,0.076,0.043,0.00428354138859451,"ns"
"RHOBTB3",8.86813309823976e-08,0.220826327905729,0.368,0.299,0.00434387763551078,"ns"
"ACTG1",8.91945727213094e-08,-0.556563306001201,0.264,0.318,0.0043690177556079,"ns"
"FAM85B",9.13599279293846e-08,0.416215055444618,0.162,0.114,0.00447508334976505,"ns"
"ZNF521",9.21292205539057e-08,0.332228406439499,0.272,0.211,0.00451276561039196,"ns"
"STMN1",9.2403112946175e-08,-0.571670811638316,0.206,0.263,0.00452618168144249,"ns"
"APOE",9.53666122423536e-08,-0.425285498715667,0.484,0.545,0.00467134276746721,"ns"
"NCBP3",1.00708713935843e-07,-8.03503910715254,0,0.013,0.00493301493471942,"down"
"TMBIM4",1.00708715779221e-07,-7.85176898757281,0,0.013,0.0049330150250136,"down"
"AC008771.1",1.00708715779221e-07,-7.64923823421089,0,0.013,0.0049330150250136,"down"
"SEPTIN4",1.00708715779221e-07,-8.08459823239521,0,0.013,0.0049330150250136,"down"
"ZHX1",1.007087176226e-07,-8.00022791574336,0,0.013,0.00493301511530781,"down"
"FXYD6",1.007087176226e-07,-8.06432559381171,0,0.013,0.00493301511530781,"down"
"RWDD3",1.007087176226e-07,-8.04919683196116,0,0.013,0.00493301511530781,"down"
"TNFSF13",1.007087176226e-07,-7.95346983058556,0,0.013,0.00493301511530781,"down"
"SLC66A2",1.007087176226e-07,-7.96795355866922,0,0.013,0.00493301511530781,"down"
"ME2",1.01064677154583e-07,0.406141222399493,0.138,0.093,0.00495045108106294,"ns"
"RP11-15B17.1",1.04012488464012e-07,1.26159610056068,0.044,0.02,0.00509484372243269,"up"
"GPAM",1.04574731870379e-07,0.33050600272252,0.225,0.169,0.00512238409120675,"ns"
"SRP54-AS1",1.10126839784288e-07,0.885842747883446,0.072,0.04,0.0053943429931538,"ns"
"P4HA1",1.10522675147815e-07,0.328608935152629,0.274,0.212,0.00541373219676544,"ns"
"INADL",1.11209399157102e-07,0.361463522430915,0.262,0.204,0.00544736999891234,"ns"
"WDFY3",1.12660762390968e-07,0.234613322117876,0.451,0.376,0.00551846212419676,"ns"
"REPS1",1.1281539218243e-07,0.206750041727335,0.44,0.366,0.00552603635527196,"ns"
"KIF21A",1.14711156414142e-07,0.163594119556666,0.371,0.297,0.00561889657463393,"ns"
"LRRC6",1.21553725265696e-07,0.827538020705687,0.091,0.056,0.00595406612468959,"ns"
"EVA1C",1.25781293795038e-07,-0.634947127113302,0.1,0.148,0.00616114511396236,"ns"
"TRIP10",1.27919780219231e-07,-2.28325933568074,0.008,0.027,0.00626589459447859,"down"
"PTPRM",1.28691901204211e-07,0.292458537272186,0.375,0.309,0.00630371539668588,"ns"
"PPP1R12B",1.30247814932483e-07,0.281906193028846,0.31,0.246,0.00637992871883782,"ns"
"KIAA0368",1.32153616292916e-07,0.453821765914215,0.208,0.157,0.00647328058687593,"ns"
"PLEKHG1",1.33343985793931e-07,0.243974914650794,0.315,0.249,0.0065315884561441,"ns"
"TUBA1A",1.35657063578726e-07,-0.579483728032298,0.147,0.2,0.00664488994527672,"ns"
"GRM3",1.36768172878796e-07,0.183276011375099,0.718,0.62,0.00669931541212206,"ns"
"AP001528.1",1.38829725030387e-07,-7.81438834733962,0,0.012,0.00680029642116345,"down"
"NUP50-DT",1.38829725030387e-07,-8.08869808733953,0,0.012,0.00680029642116345,"down"
"WARS2-AS1",1.38829727572394e-07,-7.89806242955844,0,0.012,0.00680029654567855,"down"
"KHDC4",1.38829727572394e-07,-7.9749709362489,0,0.012,0.00680029654567855,"down"
"LINC02060",1.38829727572394e-07,-8.01820524706657,0,0.012,0.00680029654567855,"down"
"AC068587.4",1.38829727572394e-07,-7.96434872473633,0,0.012,0.00680029654567855,"down"
"SMARCC2",1.38829727572394e-07,-7.88059279861406,0,0.012,0.00680029654567855,"down"
"AL357153.2",1.38829727572394e-07,-8.02311021241981,0,0.012,0.00680029654567855,"down"
"RETREG3",1.38829727572394e-07,-7.99093236673942,0,0.012,0.00680029654567855,"down"
"EGLN2",1.38829727572394e-07,-7.97163586556248,0,0.012,0.00680029654567855,"down"
"CDKL1",1.41661136660017e-07,0.526724135126799,0.104,0.065,0.00693898745701761,"ns"
"RP11-142A5.1",1.45348233752337e-07,0.364996499459642,0.167,0.118,0.00711959253389072,"ns"
"FAM189A2",1.48456704146952e-07,-0.847306239199594,0.314,0.354,0.00727185473923015,"ns"
"RPS15AP38",1.48841782604043e-07,1.07053630250521,0.053,0.027,0.00729071703729386,"up"
"RNF150",1.51190785752194e-07,0.451045853075058,0.145,0.1,0.0074057782584997,"ns"
"CRADD",1.53218872839633e-07,0.278851618809656,0.33,0.267,0.00750512004830376,"ns"
"TTC3",1.53285688363602e-07,0.130500389459902,0.394,0.315,0.00750839287311432,"ns"
"IRF1",1.56496236208571e-07,-1.70854188678764,0.013,0.036,0.00766565513820443,"down"
"APBA1",1.63185881411179e-07,0.327062865241317,0.217,0.16,0.00799333402916379,"ns"
"BCAR3",1.63372745041758e-07,0.291684699351077,0.214,0.158,0.00800248717038045,"ns"
"C12orf60",1.66400699236736e-07,0.916469548848138,0.056,0.029,0.00815080545071306,"ns"
"GMDS-AS1",1.67134905468799e-07,0.292247735454039,0.364,0.298,0.00818676907457816,"ns"
"COLEC12",1.67686425537281e-07,-0.81651171094484,0.12,0.167,0.00821378418209263,"ns"
"RP11-731J8.2",1.70887645747455e-07,0.460484101049149,0.153,0.107,0.0083705895516476,"ns"
"PHLPP1",1.71954424825792e-07,0.128576986632849,0.659,0.567,0.00842284359124178,"ns"
"PPM1L",1.7221523317699e-07,0.24587133806813,0.306,0.24,0.00843561876670851,"ns"
"RPL8",1.7692062508076e-07,-0.730529441381453,0.077,0.119,0.00866610297833086,"ns"
"ELP4",1.78411328938359e-07,0.294977488305177,0.378,0.311,0.00873912212538764,"ns"
"LINC00174",1.86161955624169e-07,-0.817500036586171,0.062,0.102,0.00911877107233867,"ns"
"RP11-153F1.1",1.90837374528354e-07,1.38057236061335,0.027,0.01,0.00934778711652234,"up"
"GPC5-AS2",1.91402295316772e-07,-7.80398468343513,0,0.012,0.00937545863150145,"down"
"MFSD14A",1.9140229882268e-07,-7.92375987203847,0,0.012,0.00937545880323135,"down"
"AL591686.2",1.9140229882268e-07,-7.8401121129812,0,0.012,0.00937545880323135,"down"
"CSKMT",1.9140229882268e-07,-8.05295021979379,0,0.012,0.00937545880323135,"down"
"AC012405.1",1.9140229882268e-07,-8.65482273294559,0,0.012,0.00937545880323135,"down"
"TVP23C",1.91402302328587e-07,-7.8678105226247,0,0.012,0.0093754589749612,"down"
"TENT4A",1.91402302328587e-07,-7.70620062035048,0,0.012,0.0093754589749612,"down"
"RP11-418J17.1",1.92156880008062e-07,0.430126196610697,0.129,0.086,0.00941242045343491,"ns"
"METTL2B",1.93462518569189e-07,-1.75096961959446,0.027,0.056,0.0094763745470746,"down"
"ACACB",1.97863263109728e-07,0.162418541997353,0.37,0.296,0.0096919362169038,"ns"
"USMG5",2.05058137152776e-07,0.478154964254065,0.143,0.099,0.0100443627321544,"ns"
"ARHGAP5",2.05483577909947e-07,0.153768974257827,0.583,0.492,0.0100652020967629,"ns"
"ING3",2.10396709314718e-07,0.502272811431644,0.1,0.063,0.0103058620123628,"ns"
"ENO2",2.10718754180028e-07,-0.679277508084514,0.14,0.189,0.0103216367360003,"ns"
"BAALC-AS1",2.1112837945731e-07,-0.888023961162002,0.109,0.155,0.0103417014109574,"ns"
"LINC00824",2.22238241209291e-07,0.547809339648705,0.148,0.104,0.0108858957691547,"ns"
"RAD51B",2.2321941913013e-07,0.205078968946079,0.347,0.279,0.0109339568072511,"ns"
"ARHGAP42",2.25118116384975e-07,0.305726225195933,0.229,0.172,0.0110269606948852,"ns"
"HSPE1-MOB4",2.33160646507853e-07,1.04156447620085,0.021,0.006,0.0114209079478942,"up"
"RHOQ",2.34143495216665e-07,0.504823271340578,0.161,0.115,0.0114690508261979,"ns"
"EXOC4",2.42116939901214e-07,0.192536532971803,0.467,0.393,0.0118596140671812,"ns"
"MPPED2",2.42535089415817e-07,0.213090384091319,0.302,0.237,0.0118800962848549,"ns"
"ABCD2",2.44500017593419e-07,0.341177202108298,0.241,0.184,0.0119763443617784,"ns"
"ACAD11",2.52549514828726e-07,-5.4549588445775,0.001,0.014,0.0123706328848555,"down"
"ZNRD1-AS1",2.58526521354934e-07,0.801538823612926,0.064,0.035,0.0126634045955287,"ns"
"CNTNAP2",2.60635370846546e-07,0.200254330354253,0.456,0.385,0.0127667023701764,"ns"
"AL590617.2",2.63915712309628e-07,-7.83021879700144,0,0.012,0.0129273833360625,"down"
"ADGRB2",2.63915717145681e-07,-7.83317614913011,0,0.012,0.0129273835729469,"down"
"CARD19",2.63915717145681e-07,-7.85988172882376,0,0.012,0.0129273835729469,"down"
"CRPPA",2.63915721981734e-07,-7.95524527066272,0,0.012,0.0129273838098313,"down"
"DENND11",2.63915721981734e-07,-7.66498836486575,0,0.012,0.0129273838098313,"down"
"WASHC3",2.63915721981734e-07,-7.88262362900828,0,0.012,0.0129273838098313,"down"
"TMEM91",2.63915721981734e-07,-7.91691736791392,0,0.012,0.0129273838098313,"down"
"NEXMIF",2.63915721981734e-07,-8.02597364938839,0,0.012,0.0129273838098313,"down"
"RP3-417G15.1",2.67985019182287e-07,0.340679823120916,0.182,0.132,0.0131267101946059,"ns"
"PPP1R9A",2.70343619254512e-07,0.202335899979932,0.492,0.414,0.0132422415019437,"ns"
"RAB5C",2.70607302975583e-07,-4.82921383832359,0,0.013,0.013255157521653,"down"
"NDRG1",2.72665157934939e-07,-0.963269382733781,0.071,0.111,0.0133559574311271,"ns"
"CIITA",2.78890233303424e-07,-2.76505924545536,0.005,0.022,0.0136608802979016,"down"
"NQO1",2.81691791781988e-07,0.754377214132394,0.066,0.037,0.0137981090368571,"ns"
"CCBE1",2.85689616965167e-07,0.965802700509968,0.045,0.022,0.0139939345078048,"ns"
"FNDC4",3.05245659516675e-07,-1.40671237327935,0.014,0.037,0.0149518481401053,"down"
"MTAP",3.07323179704993e-07,-3.37059911196818,0.002,0.017,0.0150536113114897,"down"
"PCDH17",3.08842485254019e-07,0.284990371910376,0.17,0.121,0.0151280314551976,"ns"
"ITGB5-AS1",3.09363050952687e-07,1.09789423840638,0.048,0.024,0.0151535303248155,"up"
"PLXDC2",3.09673866240536e-07,0.392178793700838,0.293,0.235,0.0151687549900602,"ns"
"FAM19A2",3.13168029318131e-07,0.548896412595238,0.132,0.09,0.01533990958009,"ns"
"RP11-430H10.1",3.21236415225125e-07,1.55887619536188,0.026,0.009,0.0157351233269723,"up"
"TGFB3",3.25901828350211e-07,-1.59798163961035,0.012,0.033,0.0159636492580784,"down"
"LINGO2",3.29898133090404e-07,0.410298172148647,0.142,0.099,0.0161594002531673,"ns"
"APOL2",3.41824135711199e-07,-1.00126177705321,0.03,0.059,0.0167435716395416,"down"
"AK3",3.52711582826452e-07,0.387413739599258,0.246,0.193,0.0172768714615881,"ns"
"APOL4",3.57810455585018e-07,-3.43163055573831,0.001,0.014,0.0175266295459209,"down"
"HLA-E",3.60570658771044e-07,-0.814104159006759,0.045,0.079,0.017661832578582,"ns"
"SNHG29",3.6394954957786e-07,-7.75398485364602,0,0.011,0.0178273407869723,"down"
"NECTIN3",3.6394955624982e-07,-7.8222401357745,0,0.011,0.0178273411137849,"down"
"AC002069.2",3.6394955624982e-07,-8.35457670843692,0,0.011,0.0178273411137849,"down"
"ELP1",3.6394955624982e-07,-7.91953723684585,0,0.011,0.0178273411137849,"down"
"FGF11",3.6394955624982e-07,-7.81086210311825,0,0.011,0.0178273411137849,"down"
"U2AF1L4",3.63949562921781e-07,-7.87283695067605,0,0.011,0.0178273414405976,"down"
"RO60",3.63949562921781e-07,-7.92944219541714,0,0.011,0.0178273414405976,"down"
"AL136366.1",3.63949562921781e-07,-7.80638556269459,0,0.011,0.0178273414405976,"down"
"MINDY3",3.63949562921781e-07,-7.58856834572503,0,0.011,0.0178273414405976,"down"
"LINC02328",3.63949562921781e-07,-7.9618340034019,0,0.011,0.0178273414405976,"down"
"AC040168.1",3.63949562921781e-07,-7.98766838520461,0,0.011,0.0178273414405976,"down"
"CRYZL1",3.63949562921781e-07,-7.68744244651762,0,0.011,0.0178273414405976,"down"
"BCKDHB",3.80541645831375e-07,0.217191519820581,0.409,0.343,0.0186400714377582,"ns"
"RASD1",3.85482665660535e-07,-1.21586422678486,0.029,0.057,0.01888209741205,"down"
"RAB30-AS1",4.03637808366805e-07,0.464555273255334,0.138,0.095,0.0197713907672312,"ns"
"TSPAN7",4.04809052656233e-07,-0.540430826755052,0.266,0.318,0.0198287618262602,"ns"
"MIB1",4.08492000247673e-07,0.223618305854645,0.317,0.254,0.0200091636481318,"ns"
"TBC1D5",4.32002686013191e-07,0.188294978855726,0.466,0.392,0.0211607875689841,"ns"
"GAP43",4.44714156257654e-07,-0.909662778159348,0.081,0.121,0.0217834335159687,"ns"
"RPL10A",4.50388080448568e-07,-0.925967792612594,0.066,0.104,0.0220613593446122,"ns"
"IGSF11",4.53965287205568e-07,0.260161020617579,0.34,0.276,0.0222365816631904,"ns"
"PURG",4.55904998819603e-07,0.262797659269435,0.172,0.123,0.0223315945571806,"ns"
"KCTD3",4.66320268849143e-07,-0.669028751491035,0.069,0.108,0.0228417657290376,"ns"
"ZFPM2",4.7030184835396e-07,0.305483742693491,0.262,0.207,0.023036795437922,"ns"
"BVES-AS1",4.75331962367171e-07,1.67400262799402,0.015,0.003,0.0232831855126311,"up"
"UBASH3B",4.81497647575833e-07,-1.06156124753069,0.046,0.079,0.023585199271207,"down"
"MED12L",4.89467620032857e-07,0.211095134651674,0.6,0.524,0.0239755924320694,"ns"
"FDFT1",4.96027594982258e-07,-0.529943796740373,0.159,0.211,0.0242969196850159,"ns"
"PEG3",5.01972220938401e-07,-7.85727867524468,0,0.011,0.0245881052982257,"down"
"GRK3",5.01972220938401e-07,-7.89112014978358,0,0.011,0.0245881052982257,"down"
"BCLAF3",5.01972220938401e-07,-7.73175137576599,0,0.011,0.0245881052982257,"down"
"ZNF559",5.01972230144884e-07,-7.65197817820382,0,0.011,0.0245881057491868,"down"
"AC103923.1",5.01972230144884e-07,-7.97862838200178,0,0.011,0.0245881057491868,"down"
"CASTOR2",5.01972230144884e-07,-7.85541216712073,0,0.011,0.0245881057491868,"down"
"UPK3BL1",5.01972230144884e-07,-7.87290404531043,0,0.011,0.0245881057491868,"down"
"RAB4B",5.01972230144884e-07,-8.06604885530061,0,0.011,0.0245881057491868,"down"
"HIST2H2BF",5.24792906629487e-07,1.77208485716971,0.018,0.005,0.0257059309454322,"up"
"RP5-921G16.1",5.32503790520772e-07,0.435060228658069,0.159,0.114,0.026083633171079,"ns"
"CEP85L",5.334488693968e-07,0.153126335577856,0.572,0.489,0.0261299259696634,"ns"
"MID1",5.34032997227834e-07,0.267009280359378,0.242,0.187,0.026158538303211,"ns"
"STIM2",5.34650239622169e-07,0.273121692439458,0.259,0.201,0.0261887726874127,"ns"
"FAM172A",5.49614146545594e-07,0.231082194809368,0.369,0.3,0.0269217497402428,"ns"
"GAS6",5.55166749545248e-07,-1.24153739545646,0.033,0.063,0.0271937328929749,"down"
"DND1",5.64541094493028e-07,1.20793574965195,0.03,0.012,0.027652916431552,"up"
"SMTN",5.87272703462187e-07,-0.947042331726879,0.05,0.084,0.0287663788336883,"ns"
"RP11-745L13.2",5.91534878295534e-07,0.591082577273989,0.116,0.077,0.0289751529435502,"ns"
"RP11-159J3.1",5.93508473343172e-07,-1.83943823267361,0.007,0.025,0.0290718255497686,"down"
"LIFR",5.98045079913178e-07,0.130968147110019,0.568,0.483,0.0292940421493872,"ns"
"N4BP2L2",6.17507922762244e-07,0.174298074009795,0.613,0.539,0.030247390580663,"ns"
"IL6R",6.23228678903635e-07,-0.877012917256168,0.04,0.072,0.0305276103787367,"ns"
"RP11-159G9.5",6.23553769950886e-07,0.591668438091096,0.139,0.099,0.0305435343135043,"ns"
"RP5-968J1.1",6.32931579871328e-07,0.573251081722144,0.113,0.075,0.0310028875768372,"ns"
"XPO1",6.51440414748538e-07,0.189201376935421,0.331,0.264,0.0319095058356276,"ns"
"FAM171B",6.68347169634149e-07,0.150242168707433,0.479,0.4,0.0327376494101895,"ns"
"FARP1",6.72528948519874e-07,0.155977149827757,0.437,0.365,0.032942485485349,"ns"
"LEPROT",6.92445776091606e-07,-7.72886167856567,0,0.011,0.0339180714502951,"down"
"CDK11A",6.92445776091606e-07,-7.59184940226361,0,0.011,0.0339180714502951,"down"
"AC115622.1",6.92445776091606e-07,-8.03006012822307,0,0.011,0.0339180714502951,"down"
"SRP19",6.92445776091606e-07,-7.76316132283279,0,0.011,0.0339180714502951,"down"
"RAB30-DT",6.92445776091606e-07,-7.67213062055536,0,0.011,0.0339180714502951,"down"
"STUB1",6.92445776091606e-07,-7.58952887001614,0,0.011,0.0339180714502951,"down"
"PLPPR2",6.92445776091606e-07,-7.75267234112431,0,0.011,0.0339180714502951,"down"
"SPACA6",6.92445776091606e-07,-7.83871814063413,0,0.011,0.0339180714502951,"down"
"ABHD16A",6.9244578879786e-07,-7.46670016753923,0,0.011,0.0339180720726856,"down"
"NAA10",6.9244578879786e-07,-7.68470352333597,0,0.011,0.0339180720726856,"down"
"AC026202.2",6.9244578879786e-07,-7.30464711023435,0,0.011,0.0339180720726856,"down"
"AC077690.1",6.9244578879786e-07,-7.7706821336658,0,0.011,0.0339180720726856,"down"
"TASOR",6.9244578879786e-07,-7.75481947186653,0,0.011,0.0339180720726856,"down"
"ZBTB20-AS5",6.9244578879786e-07,-7.51013747019287,0,0.011,0.0339180720726856,"down"
"AC139887.2",6.9244578879786e-07,-7.84737520106738,0,0.011,0.0339180720726856,"down"
"MIR2052HG",6.9244578879786e-07,-8.05547868418415,0,0.011,0.0339180720726856,"down"
"HNRNPUL2",6.9244578879786e-07,-7.87513119981737,0,0.011,0.0339180720726856,"down"
"SELENOM",6.9244578879786e-07,-7.63801220758842,0,0.011,0.0339180720726856,"down"
"PPP1R3C",6.95786658163658e-07,-0.673480612986485,0.167,0.216,0.0340817178768305,"ns"
"GLIPR2",7.01622756508573e-07,-1.05971282603094,0.014,0.036,0.0343675874820594,"down"
"TTLL3",7.03662076244469e-07,-1.2035696769025,0.024,0.05,0.0344674794806828,"down"
"LINC00960",7.07485912118004e-07,-5.07075708408361,0,0.012,0.0346547824332762,"down"
"CABIN1",7.16668176892682e-07,-0.642945753361405,0.086,0.128,0.0351045573087342,"ns"
"MBNL2",7.17471186172487e-07,0.263644352240918,0.341,0.278,0.0351438911122869,"ns"
"DCUN1D1",7.18670162296803e-07,0.310088021576933,0.191,0.142,0.0352026205597843,"ns"
"ERP44",7.19914611131015e-07,0.353859584957555,0.14,0.097,0.0352635773970305,"ns"
"ATP13A5",7.40549158486467e-07,0.371699826825965,0.113,0.074,0.0362743194301426,"ns"
"TTC17",7.65148889492751e-07,0.249367308691836,0.343,0.281,0.0374792880540234,"ns"
"SHPRH",7.74808244785477e-07,0.266688769192987,0.268,0.21,0.037952432254327,"ns"
"FAM65B",7.8967114828847e-07,0.427286362079275,0.157,0.113,0.0386804618566141,"ns"
"WHSC1L1",7.90242981774862e-07,0.47658283471285,0.238,0.189,0.0387084719762781,"ns"
"SLC24A3",8.02246228398019e-07,0.270559819960063,0.251,0.194,0.0392964270056202,"ns"
"RPL13P12",8.04356835926723e-07,0.468781611879662,0.091,0.057,0.0393998108941987,"ns"
"CD38",8.105495775785e-07,-0.475701293927675,0.12,0.168,0.0397031499585277,"ns"
"ATP10D",8.31858061063151e-07,0.402231048974259,0.125,0.085,0.0407469034050563,"ns"
"CAPN10",8.3239034255745e-07,-1.23739774754192,0.019,0.043,0.0407729761494916,"down"
"RBM3",8.40620728496274e-07,-0.856953185708648,0.044,0.076,0.041176125143933,"ns"
"TRA2A",8.44667753582952e-07,0.216929806190918,0.334,0.27,0.0413743605737537,"ns"
"RP11-219A15.4",8.67310600850764e-07,2.29478877766024,0.017,0.005,0.042483475161473,"up"
"PIGN",8.73129010915318e-07,0.409828068171873,0.159,0.115,0.042768478341665,"ns"
"MEGF9",8.84374915724509e-07,0.235080869901098,0.289,0.228,0.0433193364969336,"ns"
"OSBPL1A",9.00158558133564e-07,0.230758584512865,0.349,0.285,0.0440924666530563,"ns"
"SCAI",9.18849963743617e-07,0.506273358153676,0.146,0.105,0.0450080277740536,"ns"
"COL19A1",9.34506618902597e-07,0.486303167645516,0.178,0.134,0.0457749377137059,"ns"
"FYN",9.45794074007196e-07,0.1394118535866,0.681,0.586,0.0463278311270945,"ns"
"NBPF1",9.50266352113928e-07,0.40648745813859,0.148,0.105,0.0465468967255965,"ns"
"FAAP20",9.55355176279435e-07,-7.66326069096714,0,0.011,0.0467961625996956,"down"
"HLA-B",9.55355193819519e-07,-7.71791628920231,0,0.011,0.0467961634588615,"down"
"ERO1B",9.55355193819519e-07,-7.66746094189941,0,0.011,0.0467961634588615,"down"
"AC007402.1",9.55355193819519e-07,-7.92360178688049,0,0.011,0.0467961634588615,"down"
"AC092924.2",9.55355193819519e-07,-7.95646249632638,0,0.011,0.0467961634588615,"down"
"AC124852.1",9.55355193819519e-07,-7.57535277781998,0,0.011,0.0467961634588615,"down"
"AC104123.1",9.55355193819519e-07,-7.87463515458201,0,0.011,0.0467961634588615,"down"
"AP006621.3",9.55355193819519e-07,-7.69533027547335,0,0.011,0.0467961634588615,"down"
"BSCL2",9.55355193819519e-07,-7.77216896403233,0,0.011,0.0467961634588615,"down"
"GRK2",9.55355193819519e-07,-7.73487200059098,0,0.011,0.0467961634588615,"down"
"AP003025.1",9.55355193819519e-07,-7.57911446003653,0,0.011,0.0467961634588615,"down"
"IRF9",9.55355193819519e-07,-7.63409513467809,0,0.011,0.0467961634588615,"down"
"FAM234A",9.55355193819519e-07,-7.6523593350204,0,0.011,0.0467961634588615,"down"
"TRIR",9.55355193819519e-07,-7.77399806762217,0,0.011,0.0467961634588615,"down"
"ATXN1",9.67156980957978e-07,0.189193966168274,0.42,0.349,0.0473742503982646,"ns"
"RPL3",1.00635779833791e-06,-1.2678579323007,0.027,0.054,0.0492944240359861,"down"
